score,avg_score,goal,avg_goals,path_length,optimal_length,normalized_score
-9747.309978216994,-9747.309978216994,1,1,0.6195695790846477,1.0052372519511288,1.6224767740150616
-9105.17279530259,-9426.241386759792,1,2,4.74458184644266,3.591393375384201,0.7569462371224381
-7061.542481519008,-8638.008418346197,1,3,6.729055980396463,4.180203382121574,0.6212169127883053
-4826.523024175449,-7685.13706980351,1,4,6.948342372168364,4.262860613855032,0.6135075656216871
-6662.07129574067,-7480.523914990942,1,5,7.844163977565126,5.04436647185,0.6430725423738274
-9762.363789096513,-7860.830560675204,1,6,1.6762377728979865,1.4004286732932152,0.8354594413369322
-9932.381073780036,-8156.766348261609,1,7,0.5925867792935019,0.8027555064927091,1.3546632063742228
-7583.10867356854,-8085.059138924975,1,8,6.460054391642336,4.352548125149936,0.6737633866954781
-5209.454957252932,-7765.547563183637,1,9,6.103207518097832,4.262127129685376,0.6983421614039662
-6382.419607604044,-7627.234767625678,1,10,7.5308431364393815,4.6733192037591635,0.6205572363002014
-9727.98347945704,-7818.211923246709,1,11,2.2003082717478706,1.8166197365383658,0.8256205550212689
-9261.57948128906,-7938.492553083573,1,12,4.098661795329923,3.163495211818826,0.7718361186627696
-8928.138447639529,-8014.619160357108,1,13,2.877852872713133,2.6468050779706824,0.9197152165306396
-8764.472741462194,-8068.180130436042,1,14,3.528090215161441,2.0180120077748716,0.571984242098676
-9529.25698914441,-8165.585254349934,1,15,3.0064858202334315,2.1856549192074506,0.7269799526404387
-9478.525524011187,-8247.644021203761,1,16,2.6705075166969574,2.12438698349355,0.7954993461771335
-8728.269815212505,-8275.916126733688,1,17,4.640190221306379,3.3617586172021037,0.7244872423044003
-9847.620664917395,-8363.23304552167,1,18,1.4793997863374133,1.3024977903709636,0.880423129974616
-5123.7256641696285,-8192.732657029457,1,19,7.536634249453104,4.800105778090265,0.6369031081000893
1213.5795062027341,-7722.417048867847,0,19,0.10135730080042533,5.065495940278016,0
-8144.117217920294,-7742.498009298915,1,20,5.125615957105469,3.568964760207465,0.6962996818479794
-7646.066317783414,-7738.114750593665,1,21,6.5041199960440785,4.583952092775987,0.704776679330029
-9684.873445187617,-7822.756432967315,1,22,1.9003817644229692,1.548582220826115,0.8148795414779859
-9987.945817530446,-7912.972657324114,1,23,0.09995833854126941,0.38459019364478375,3.8475048630985347
-8269.52192176322,-7927.234627901679,1,24,5.521981419336847,4.096927083135106,0.7419306172940943
-7577.799219084606,-7913.7948044856375,1,25,6.167140384826616,4.18821698721409,0.6791181529641535
-9581.47589394137,-7975.5607707617755,1,26,1.8884684085069416,1.5632293739828211,0.827776290533099
-8954.850633572083,-8010.535408719287,1,27,3.7225966005159887,3.427859321063806,0.9208248136767413
-6992.057739850978,-7975.4154891031385,1,28,6.790650305276976,3.9412508855974373,0.5803937337981774
-7944.599259029871,-7974.3882814340295,1,29,4.897285755497743,4.1713727528075655,0.8517723819004721
-6082.49460616589,-7913.359453199573,1,30,8.075887452461071,4.5666163991388,0.5654631055745032
-3326.712703545264,-7770.026742272876,1,31,10.01035349216327,5.673979188805413,0.566811071481877
-9814.091675851976,-7831.968103896485,1,32,1.6190364026147552,1.497008725837148,0.9246294421913358
-9275.899339388292,-7874.436669646244,1,33,3.843817630074252,2.5278064249163257,0.6576291250496958
-9034.01849571519,-7907.567578962498,1,34,3.094123923113864,2.083349218201963,0.6733244271953148
-7223.568627341819,-7888.567608084147,1,35,6.425856501833707,4.283266761464284,0.666567446727451
-9878.84200550207,-7942.358808014361,1,36,0.9774853046753232,1.083003919030811,1.107949054426487
-8209.236633267186,-7949.381908678909,1,37,4.007172533798311,4.289563960454239,1.0704714918746598
-3897.3926876756614,-7845.484749166006,1,38,9.367252051143563,5.567159459612917,0.5943215181162199
1655.5283458218205,-7607.959421791311,0,38,1.128280983616831,4.164325045095462,0
-9104.481365589672,-7644.4599570059045,1,39,2.9153391214972992,3.0684127117084206,1.0525062724546788
-7153.416114771996,-7632.768436952716,1,40,6.470387297169647,4.404962782043115,0.6807881166510675
-7492.377242073397,-7629.503525443895,1,41,5.998745185240177,4.029549080336413,0.6717319965933973
-8657.599877949318,-7652.8693516372,1,42,3.2449207811769147,2.177957014231784,0.6711895793776054
-7063.041376845447,-7639.762063308494,1,43,6.742810611775536,4.205594125659324,0.6237152973442176
-8556.423713168764,-7659.689490479371,1,44,4.9684245579823125,3.7877626428592888,0.76236694321419
-8479.905560397678,-7677.140896222312,1,45,4.790207032261108,3.618893597531345,0.7554774925506985
-8196.737835031467,-7687.965832447503,1,46,5.66375480182981,4.248869523046486,0.750185993516843
-7446.23902754413,-7683.0326323474355,1,47,6.734145106121182,4.779201166997884,0.7096967902657312
-8845.500379761866,-7706.281987295723,1,48,3.103297296728123,1.9982893088421982,0.6439245479152256
-9413.545896278833,-7739.757750216961,1,49,2.9146202295206494,1.9677337948167954,0.6751252787195597
-7611.52662836867,-7737.291767104493,1,50,6.701020227677104,4.478411704676948,0.6683178907862186
-4038.908489051313,-7667.510950537452,1,51,9.943102735645105,5.231262249220117,0.5261197020992777
-9445.422846075286,-7700.435244899264,1,52,3.0235822890068107,2.292540288746575,0.7582199092387298
1072.3183336849597,-7540.930634379551,0,52,0.09984052903565012,5.157275508114737,0
-9574.73483567525,-7577.248566545545,1,53,2.3426000355066146,1.9573911606084495,0.8355635323744631
-9208.988723547334,-7605.875586843822,1,54,3.9150736174839476,2.794308672286853,0.7137308120613673
4774.79831689361,-7392.415691951796,0,54,3.014008308908217,5.010981986287854,0
-9568.903932319205,-7429.305323144465,1,55,1.4827386959434192,1.433702126338037,0.9669283807460208
1940.009800553489,-7273.150071082831,0,55,2.3900424713024977,2.664779172889598,0
-1981.062893924557,-7186.394543588433,1,56,10.423456983231336,5.985332437840313,0.5742175985826176
-9819.450892787154,-7228.863194381961,1,57,0.6066894406266902,0.7995177732573343,1.3178369685014772
-7305.032867017785,-7230.072236804752,1,58,6.204436216977292,4.797843671440919,0.7732924481216371
-7969.06693525704,-7241.619028968071,1,59,6.187249010617782,4.494726107088822,0.7264498486121274
-7058.210087679603,-7238.797352948249,1,60,6.690578902676944,4.138739054888466,0.6185920702964178
-8843.419515559859,-7263.109809957516,1,61,3.709791306529838,2.7125913852373795,0.731197838666228
-7845.359172080372,-7271.800098944424,1,62,5.562768391240331,3.650278706104106,0.6561982181124394
-5224.671592110106,-7241.695267961566,1,63,8.590213511538435,5.428419833312696,0.6319307227953304
-5632.660435625507,-7218.375922565391,1,64,7.264733276620499,4.840785690052727,0.6663404567971456
-7565.227221628175,-7223.330941123431,1,65,6.5626180041268025,4.418404878620718,0.6732686369741879
-9709.631580673451,-7258.349259990333,1,66,2.1515681671044917,1.7812604149212454,0.8278893702533283
-9763.12095716221,-7293.137755784385,1,67,1.4316561027392278,1.2437139427454238,0.8687239486953543
-8829.509618281652,-7314.183945681608,1,68,3.6463315764090445,3.8214850016603124,1.0480355177747607
-9297.248466200599,-7340.98211487781,1,69,3.3910164000787093,2.717701910622694,0.8014416888575393
1167.0300512123915,-7227.541952663273,0,69,0.438190735143892,1.7800205800781033,0
-5953.073257291645,-7210.772627724174,1,70,7.063176244298491,4.191434687118934,0.593420656960433
-7928.683917502378,-7220.096150968047,1,71,4.335663644086555,4.2673181189698415,0.9842364328215519
-8477.649016912714,-7236.218623608363,1,72,5.321282765909106,3.8650786244240067,0.7263434014793768
-7308.293939190755,-7237.130969375229,1,73,6.363377573409728,4.486391299285653,0.7050330186334806
2773.814621421118,-7111.994149490274,0,73,1.5052301991612902,4.0628000099226655,0
3076.7949143153364,-6986.206630184032,0,73,5.491812631031134,3.5314574905214067,0
-7224.3838216821605,-6989.111230080351,1,74,6.653735505675187,4.9330513761957455,0.7413957726435302
-3672.2213066400163,-6949.148700882275,1,75,9.982610860953345,5.930637116134934,0.594096794790672
-9925.670476948693,-6984.583483930685,1,76,0.5272249626887722,0.6553413794294257,1.243001424073849
-7842.145151489618,-6994.6724447254965,1,77,5.471605186655001,4.1004964376770845,0.7494138004836334
5688.55201513906,-6847.193090541025,0,77,6.922704440106977,5.397568220007351,0
1173.402798886973,-6755.002333191278,0,77,0.30168177395955703,2.301019190869447,0
1928.658368369749,-6656.3243706735375,0,77,1.0050584765274644,5.216245050604542,0
2518.6214225117883,-6553.235092098422,0,77,1.982111035369048,4.03302865694127,0
2813.2107532833534,-6449.16347159418,0,77,3.633408449884489,4.341708766264309,0
-9812.383526567908,-6486.121933736749,1,78,1.0064605607224821,1.0510061248256286,1.0442596221268419
2024.8075362365826,-6393.611830802256,0,78,3.4370803989041088,2.9741290883244718,0
-9648.198508938282,-6428.607386481139,1,79,2.160351324420402,1.5175990553500527,0.702477897087969
-5913.027670651445,-6423.122495887205,1,80,8.589085487382748,4.341808026504391,0.5055029470695628
1846.0028434707142,-6336.079071262386,0,80,1.1391471232977866,4.025238278619159,0
-7945.210707197082,-6352.840859136704,1,81,5.405564049041162,3.7523236597408545,0.6941595041143654
-6042.107262728638,-6349.637419998477,1,82,6.931602227547492,4.467441527787795,0.644503446841387
-9659.23744771831,-6383.4088488527605,1,83,0.8809930082815919,0.7369683878315673,0.8365201322869182
-9864.306723741374,-6418.569433447595,1,84,0.7800801629557056,0.9611109583855716,1.2320669131540847
1290.3126138870414,-6341.480612974248,0,84,0.6206004119679981,1.9655220522922137,0
-6749.339205882659,-6345.51881686443,1,85,6.2450280741957185,4.7116413404530215,0.7544627957593004
5786.117142055043,-6191.722508742925,0,84,4.341021203132469,6.023656706477267,0
-5540.1783289704845,-6156.425533828747,1,84,8.611860531174486,5.28154826471391,0.6132877147272626
-8247.960052117583,-6168.172242448534,1,84,4.927678259119664,2.788399171721523,0.5658646983619572
-4964.894400999338,-6169.542256080454,1,84,8.719918211157331,4.2664707658811025,0.4892787595670401
-7644.1780767617565,-6179.266085595514,1,84,3.8137369298642603,3.930139305808115,1.0305218682055235
-9578.568416774835,-6177.446329433915,1,84,2.523243860943998,1.9026618135139424,0.7540538760300864
-1815.3671309722804,-6097.079854752649,1,84,9.709504629592347,5.471106052262142,0.5634794215543668
-4980.886757931636,-6071.315281330503,1,84,7.478652233557521,4.618679410116715,0.6175817869150542
-7636.1854035667875,-6095.342315452423,1,84,4.877760790742052,4.144813839170644,0.8497370037164318
-7875.235260806843,-6110.122668454431,1,84,5.703535058982787,3.491738495903659,0.6122060195640145
-6261.201850889205,-6075.798097874552,1,84,7.508212681060773,5.316018241523352,0.708027125408
1134.0635753923398,-5972.870938897508,0,83,0.3951141804678192,3.4737017055390553,0
2143.8901269827375,-5863.246893604218,0,82,3.1363295600398335,2.0285374299070327,0
-9051.687241723444,-5866.090601527595,1,82,3.875640066555564,2.892270538909825,0.7462691295480133
2883.463900330991,-5743.192374899127,0,81,1.9208511008034737,4.3687883421621105,0
-8966.636797458308,-5738.1241696857305,1,81,3.705733027361389,2.656652654339836,0.716903412826656
-9379.490954405244,-5744.5719037371455,1,81,3.2484828923521514,2.475803823733177,0.762141561392218
-9872.093803912696,-5744.81421204403,1,81,0.87602255937363,0.7253164837424013,0.8279655312313122
3869.3396634382343,-5655.773961275635,0,80,2.861107116924912,5.362746072090826,0
-9227.994432709756,-5759.155881462886,1,81,3.0468277876406717,2.21773115902848,0.72788201815167
-9303.421470522453,-5770.63414138964,1,81,3.1631531164532802,2.309773192942672,0.7302122622291931
-7147.035280802158,-5765.69324003339,1,81,6.0562297110667975,3.793063521673556,0.6263077364358117
-3181.768934361985,-5701.306066658878,1,81,8.817454390611111,5.490104391303253,0.6226405205054596
2872.833475849893,-5573.971618209568,0,80,5.437433584114036,4.5655419324973145,0
-7966.003426995761,-5570.966484598009,1,80,4.896181021595223,3.2489804583366384,0.6635744152445755
1672.884607535848,-5479.375555621568,0,79,2.2943645171577907,2.264641658197112,0
-6769.511855214881,-5451.534327515364,1,79,6.3554966950795135,3.7513449894157223,0.5902520557236777
-7901.082253964893,-5441.100977222224,1,79,5.4193671201891185,3.044883637766733,0.5618522551135965
-7594.602251544573,-5447.0667644667155,1,79,4.246204966302192,3.957243213593056,0.9319482325977358
-9314.11715266249,-5460.626347571991,1,79,1.9620600710356133,1.6801419402705307,0.8563152398202157
-7176.410830977617,-5471.457201282998,1,79,5.683008825636899,3.5117799357260213,0.6179437765227214
1100.919846533693,-5427.619255242612,0,78,0.5879824360617151,1.0885517076304312,0
-8652.174665191624,-5416.1151264241935,1,78,5.013434438866595,3.637276825510965,0.7255060118694316
2468.508241294305,-5299.833863249118,0,77,2.3948317892713273,3.405951837169871,0
-9773.555553758839,-5307.156012338659,1,77,1.6383998913991327,1.9810481940643867,1.2091359407822257
3727.994674171533,-5198.724692521694,0,76,1.8443353243738796,4.4031376614635365,0
-7310.888512482121,-5173.2994104125855,1,76,6.364436572721011,3.733224883188866,0.5865758642626847
-7209.958040878957,-5163.405562963198,1,76,7.08375386409827,4.861942171059233,0.6863510879027608
-9474.572907653623,-5218.625169101593,1,76,2.8274657125040217,2.2321570499301595,0.7894550374417616
-9117.379976667384,-5325.287627740099,1,77,3.9565476597323586,4.346962537306318,1.0986756412787326
-7372.103069949964,-5308.135367387232,1,77,6.463969940971519,4.529209248954022,0.7006853822518383
-5478.9864388698215,-5291.556855744636,1,77,8.850210253718451,3.936812682714763,0.44482702329706747
-4437.99902173173,-5261.315487226402,1,77,9.467824184928869,5.452498778798319,0.5758977640794967
-2404.585252372325,-5199.4044513296,1,77,10.49468526987736,5.795060022656338,0.552189977463141
-5894.303370810307,-5187.83278790351,1,77,7.223672144337536,3.9670309915586297,0.5491709635061843
-9074.58312785558,-5192.963079138032,1,77,4.146038029303019,2.4737316913594327,0.5966495420147621
-5215.860720898121,-5160.645803499423,1,77,9.393666387304496,4.825571022126425,0.5137047477700684
-6483.513063733381,-5143.683182001421,1,77,6.791082291924195,4.462650517326424,0.6571339184968071
2651.3778441544027,-5043.706777331139,0,76,5.822871629095416,4.724311120595946,0
-7617.925969816777,-5031.552575252475,1,76,5.691185889636103,3.324229201555209,0.5841013219421939
-2095.1756254376824,-4959.093463659989,1,76,9.622359914696348,5.347087858041023,0.5556940194966467
-7139.146790273706,-4954.416435560039,1,76,4.946573391497843,4.116523101769493,0.832196912077553
1127.198301056986,-4903.266863380748,0,75,0.09832997459876353,4.829247988961759,0
8101.908766755374,-4729.530906818069,0,74,5.361567574662285,6.050214017078764,0
2495.673116518501,-4715.438285205855,0,74,1.4857005741428413,5.651759993657993,0
-9569.477286469279,-4715.3862302632215,1,74,1.599621380912724,1.6480181044740174,1.030255111702545
-7917.462416891611,-4702.598841088413,1,74,5.690842393631282,4.027004858800997,0.7076289554790142
-5421.463087216448,-4803.551924297423,1,75,8.59993360336541,5.4918113410362865,0.6385876443147396
-3346.2161844803823,-4741.9411545168405,1,75,9.211689589928527,5.18400002810487,0.5627632127088524
-9946.542954860666,-4859.629795659555,1,76,0.6787736594349222,0.8176022287309584,1.2045285160470294
-9658.884732741439,-4935.647833667643,1,76,2.0089352994470056,0.9409150696034599,0.46836504384310595
-7273.575671266746,-4910.441148306055,1,76,6.2309926773838,3.971605781221091,0.6373953536547318
-9803.837991675493,-4935.181793104647,1,76,0.8473565694798822,1.1484227945514922,1.3553005144651302
1337.6467227851235,-4843.03611332205,0,75,1.3805501319063203,3.0749034307572627,0
-5248.526174688044,-4825.118450817184,1,75,7.872212010946854,4.977232980473567,0.6322534217259876
-4682.969440106399,-4783.925875812694,1,75,8.362086896566643,4.445300967568954,0.5316018623765
2252.9994694387888,-4683.942126886761,0,74,1.2816722914484413,3.8114981303036037,0
-7875.51554489931,-4710.188106617348,1,74,5.709271641730094,3.8192870269850174,0.6689622191155105
2036.6365953784189,-4634.254472647012,0,73,0.8805455142685281,3.966149098870781,0
-6216.654190241283,-4620.902264415459,1,73,7.0853131514159085,4.554676443290277,0.6428334705827482
1081.3417921606313,-4514.060943892349,0,72,0.09995833854135114,5.49624162237491,0
6094.973773197289,-4357.050104977899,0,71,4.241567570822999,4.555918876441355,0
-8457.366362383307,-4353.365518285836,1,71,4.724318126931064,3.200430329991575,0.6774375145796092
-8819.659426995637,-4348.636913937272,1,71,4.646996748063992,2.598139681063005,0.5591008175646838
-7639.011799340279,-4435.8254471110595,1,72,7.1346375219386085,3.9428858285384387,0.5526399647374217
-6889.462257968631,-4445.096625335585,1,72,6.273817403950776,3.3645171439792754,0.5362790988881119
2928.5782932189686,-4337.598979684877,0,71,3.700928118479688,4.311177126628077,0
-987.7998212638104,-4263.4420569556805,1,71,9.401896622512536,5.335799442139875,0.5675237301975301
-4726.770752294414,-4237.8824214418555,1,71,7.314520335317859,4.93378783686815,0.674519669190823
-6651.886233491516,-4331.206192282575,1,72,4.113227109106835,3.2084017684794204,0.7800205734752409
-8734.754054019028,-4448.152221672025,1,73,4.426465108646265,2.8901672420460747,0.6529289559745265
-9295.020348535007,-4468.653573423043,1,73,2.290998041648499,1.932887523835039,0.8436879860640213
-9026.168555945333,-4521.662952129036,1,73,4.715129275576792,2.811591465712432,0.5962914909408281
-7308.555714957554,-4495.750924782589,1,73,6.853089890991096,4.823061897910308,0.7037791674454157
-9850.384815378025,-4515.634485811187,1,73,0.8746222744192717,0.7315816960549553,0.8364544529130682
-9653.321167063716,-4667.534220288442,1,74,1.20309403361374,1.1362362079100465,0.9444284288378755
-6068.496331756773,-4739.236191878974,1,75,6.647236040790213,3.5256165892244518,0.5303883550380636
-8891.879336813965,-4846.370228563962,1,76,4.275838226057124,2.8450979499007234,0.6653895211850125
-9627.915762384171,-4966.632972968872,1,77,2.161162802912919,1.640935519251726,0.7592836213171884
-7628.867489811329,-5070.01988626684,1,78,5.906281085150134,4.163481473610693,0.7049243701046882
1097.4166241563757,-4962.002062992343,0,77,0.20387348137825595,1.9482352088491255,0
-2708.9110184737065,-5008.8705635340275,1,78,3.7410048760198924,2.442546928663428,0.6529119874503045
-6759.107827469148,-4980.26570530166,1,78,6.25813781618071,4.258776957707585,0.6805182440527783
-8730.28022522941,-5008.159294950947,1,78,3.4153306314030605,2.1798119603832364,0.6382433197947054
-9245.624304846031,-5117.977385528341,1,79,3.6804677824225864,2.261477296357148,0.6144537678492
1255.9527766726949,-5026.876756975174,0,78,0.20046908971935815,5.40702070376641,0
-7641.502321268828,-5042.712351614186,1,78,6.759393990896488,4.896702217523298,0.7244291757690332
-5331.613420412593,-4999.864588967595,1,78,8.719505784260692,5.323955937011642,0.610580010924673
-6240.676369944757,-4963.987060712184,1,78,7.098704854765989,3.87841055435785,0.546354670845898
-7362.312332233612,-5049.65661463417,1,79,6.651840164965911,3.8975184761906885,0.5859308671784151
-5708.084538745589,-5039.347162484298,1,79,6.989231822256086,4.464344115652673,0.6387460352132958
-5683.044933343605,-5152.903222636759,1,80,6.784138365564233,4.308389186192872,0.635068000390724
-7233.5036930294245,-5169.668820300709,1,80,5.682621190146969,4.07119742879792,0.7164294948705927
-9716.9200107037,-5184.212978306512,1,80,1.353684226508974,1.2410546835473122,0.9167977725114498
-7850.8122406184975,-5212.786422263137,1,80,5.393538236898513,3.9972833362658453,0.7411245013374437
-7612.7881789724215,-5212.475631195915,1,80,6.6279068322777235,5.124887977728314,0.7732287292830144
-7591.098337176669,-5192.797709615737,1,80,4.245446193783047,4.223370403130659,0.9948001247348947
1348.4224171790756,-5161.473060624139,1,80,11.603895940322035,6.4358696731525775,0.5546300747827947
-8683.963622430098,-5198.13718799541,1,80,3.39948701834139,2.495519723677958,0.7340871461528693
-8363.540309857133,-5205.338721721058,1,80,3.264809553161282,3.213793551993275,0.9843739733245362
-6328.660049706183,-5190.026095868576,1,80,7.093127584242253,3.9588050369471137,0.5581184026270446
1583.727755137437,-5112.353525511877,0,79,0.4989071088639569,5.800927418495782,0
4981.443780896208,-5074.260652190056,0,79,5.737686657422163,4.002435312341316,0
-9060.328386382293,-5185.193508758027,1,80,3.0059885829715176,2.7250926791419374,0.9065545672991527
-9320.81624583926,-5187.858152363134,1,80,1.9229067566249987,1.5444320127936684,0.8031757169049567
-9939.058517574267,-5314.813819867146,1,81,0.5238261636808359,0.6499630054905704,1.2407990485305138
-4261.768315471394,-5268.23096360985,1,81,8.184667798538717,4.863664518473873,0.5942409195083308
1672.4821408669236,-5158.8054874190375,0,80,1.2812969079895002,2.4454691801502095,0
1188.8397840708067,-5049.291293478606,0,79,0.49846231713578715,2.274483772380169,0
4752.3679423524645,-5040.54843923193,0,79,5.179568198966281,3.8980917485528987,0
-7571.848517610755,-5024.15095492402,1,79,4.198533002998555,4.3872824056859665,1.0449560364423975
-9675.105386374178,-5027.830993694828,1,79,1.758726372909891,1.7582911862117283,0.9997525557671358
-9834.87435041066,-5054.443261710755,1,79,0.6375228008083413,0.8580492532799614,1.3459114751535248
1095.606972021401,-5012.093005211908,0,78,0.09995833854134903,6.134717112850853,0
-9587.864283155805,-5135.46625035058,1,79,1.4243409860380831,1.6382422150509839,1.1501755767120652
-7281.980129769661,-5128.693742457251,1,79,5.894102644931951,4.3595693881458235,0.7396493835909701
-6385.852353081396,-5208.483217314848,1,80,7.174066672437733,5.438289837542204,0.7580484104553609
-8434.77956408765,-5224.971016412598,1,80,2.6344881127679076,2.1347307889185947,0.8103019249062976
-6645.565471126549,-5212.540157176575,1,80,6.004837354951062,3.1055008739529844,0.5171665259829995
-6871.304833990491,-5205.378796606733,1,80,6.001181787359272,3.9894431307560567,0.6647762510976276
-8056.715069239293,-5192.929271028285,1,80,5.336450375601031,3.453732850602815,0.6471966583618478
3310.921678546847,-5089.094295686458,0,79,1.5041277623417775,4.115829572290487,0
-6798.286348535598,-5167.304258013876,1,80,5.717387063839596,4.036714661098722,0.7060418712298633
-9453.251644475205,-5175.235713254309,1,80,2.174520321589696,1.7680491267916916,0.8130754673744087
-6867.375786005681,-5267.67020857411,1,81,5.950297470007432,3.9369970459759207,0.661647096774643
1080.0649288534257,-5160.208619637356,0,80,0.2026925086155303,1.378250620861333,0
-5438.35373550396,-5250.964544485629,1,81,5.893659530518563,4.164231780340876,0.7065613069057757
-8943.444635439797,-5267.12846649511,1,81,2.907157334387672,2.354296211339589,0.8098275877578085
-8380.560522833666,-5278.718590078821,1,81,3.789247595601442,3.738390405006189,0.9865785517277129
3703.7243956011152,-5148.240398957486,0,80,2.9633536643380043,4.42904054296608,0
-7309.005034921712,-5130.335696563964,1,80,6.049343646265842,4.30332818297177,0.7113710899244651
-9786.68890279113,-5154.242486988133,1,80,1.274703999397856,1.4436091824532447,1.1325054154809087
-7119.546384202735,-5170.485654763707,1,80,6.135359459955627,3.8310157618030196,0.6244158613374426
-9440.641943342229,-5220.016772799456,1,80,3.435305502873588,2.31117426044926,0.6727710995473308
1450.9776034358042,-5181.842883137989,0,79,0.2986118342269556,5.968254537395615,0
-9711.656158730319,-5219.638455295612,1,79,0.5937978128443304,0.9185750597853614,1.5469492138836394
-7691.079376304486,-5205.940398349563,1,79,6.223716881410417,4.76075133544108,0.7649370024624578
-7020.257949671042,-5223.805717446324,1,79,6.35067388302782,4.383217762038798,0.6901972676872844
-6841.16733110134,-5227.346848806402,1,79,7.321664038386123,4.8593195044081865,0.6636905871304225
-9453.968321845174,-5347.201761341052,1,80,1.3902152474205074,1.203140679757846,0.8654348180903848
2980.8968438495103,-5242.262921601781,0,79,3.1941256152787663,3.4228565625369596,0
-8120.514595933926,-5301.919743091843,1,79,4.615647278985784,3.217950198044196,0.6971828659210914
1946.1844489124244,-5211.965968446436,0,78,1.1012102436826492,5.4060257361531505,0
-8050.413804371403,-5302.8334150348355,1,79,4.86843677026538,3.5887531218000657,0.7371469100140827
-6242.998080830361,-5444.862195704001,1,80,5.819624545441303,4.554317649745656,0.7825792908432895
-3083.6676206962175,-5500.103193102167,1,81,10.889688387245878,5.90802703358429,0.5425340765952344
1426.7270796920307,-5391.229882546114,0,80,2.366223678048797,1.969328874427359,0
-6874.656438937176,-5380.905070883199,1,80,6.139678268671374,4.439198833393914,0.7230344391245368
-9828.56443714436,-5424.539737714167,1,80,1.2576579887925392,1.1996421059514886,0.9538699047292254
-8234.045504159645,-5472.934087413963,1,80,3.2157937751772416,1.9628872462492901,0.6103896529064907
-8690.296424031,-5460.496002950304,1,80,4.979683176517651,3.5650574262339934,0.7159205314598104
-8534.424864147546,-5449.3627369246215,1,80,5.17606269929399,4.078459083427097,0.7879462287007062
-6402.321607081628,-5440.736459061404,1,80,7.76226558015409,5.19702938148667,0.669524809196686
-8282.96128549104,-5425.678273851656,1,80,2.561985849669223,2.1163941950497644,0.8260756769296799
-8582.044080948306,-5523.89303428466,1,81,3.2612520195638424,2.9229984461507432,0.8962810689318218
-9700.1529765072,-5567.968547173959,1,81,1.4615631881762616,1.5381747807266357,1.0524175712484727
-8916.221887275668,-5609.881937739991,1,81,2.646201670023994,2.530601398312798,0.956314640331193
-7691.748883776208,-5708.344792722319,1,82,6.0599601468052215,3.9465331613895778,0.651247378824788
-5938.18067931352,-5689.163259399687,1,82,5.235151669671768,3.9296967403692475,0.750636655502214
-5223.492842912386,-5761.045729085734,1,83,7.827810994812021,5.218809610458939,0.6667010245798947
1091.097911437473,-5688.691747880994,0,82,0.23785656605228608,2.8094904329252177,0
-7870.954312537335,-5777.328342977012,1,83,4.900898534059482,3.6883946157196594,0.7525955883572458
-9221.703925780575,-5928.978617224319,1,84,2.787739944384678,1.7070520283830048,0.6123426368451281
-9633.888966370449,-5940.627355877657,1,84,1.8733700914462346,1.2719510297388443,0.678964095533789
-5537.113510958678,-5908.12690126343,1,84,7.832332117956009,5.0000230122087235,0.6383824047432722
-8095.509314866905,-5912.64667864488,1,84,5.490831202199816,4.222517972428672,0.769012525960912
2707.202280550082,-5817.630198065489,0,83,3.0337686365145746,4.063673995231069,0
-9105.765748067835,-5936.782119266348,1,84,2.9943812646217407,2.268825528830297,0.7576942708118707
-7613.803143783829,-6002.3861125586245,1,84,6.688799837962746,4.434614597159001,0.6629910753181818
-6765.896839260595,-6022.575479756309,1,84,6.740700804741999,4.373936345250489,0.6488845109656075
-8391.999031771671,-6039.804319343241,1,84,4.230239746787711,2.797961710281464,0.661419181361088
-5263.963372458442,-6005.440055169375,1,84,6.747491526869192,4.746550428213263,0.703454077609734
-8693.801259750182,-5999.4873909239805,1,84,2.7291036387689824,2.3874654587855906,0.8748167071670848
-6682.172930938426,-5976.279513448663,1,84,7.2658117705978125,5.063265637329583,0.6968616580213157
-8227.052916652754,-5985.373545148616,1,84,5.793824626976823,3.422895232554144,0.5907833690058006
-6074.218140234445,-5947.985756285809,1,84,4.771522730314612,4.246658010463838,0.8900005827246332
-9107.62677506534,-5942.5828415135475,1,84,2.1809074971703195,2.2332553564586646,1.0240027875351272
-6091.428758889655,-5942.809895247536,1,84,5.943058722098418,4.294900162841932,0.7226750337956375
-6919.557547487488,-5923.281956739353,1,84,4.152259874606739,3.46074734318718,0.8334611627637944
1067.8667762605685,-5817.383119723069,0,83,0.09995833854126976,5.0077751814179745,0
-9808.344442297926,-5838.962099450659,1,83,0.7801129620758609,0.8451555579246275,1.0833758686379085
-9653.50993471484,-5945.406916865226,1,84,2.070505204168033,2.1718159771336403,1.048930460431427
-4563.163960266697,-5963.765856882978,1,84,6.090897765771845,3.735164138175366,0.6132370435053661
-9619.954630602057,-5992.091072755582,1,84,2.061897341577947,1.9915703964664675,0.9658921209638599
-4280.113997656477,-5948.030020997434,1,84,6.4342745479952255,3.959968637167803,0.615449124470705
-6217.302326534524,-5918.046635073558,1,84,6.75639565149065,4.431991909300713,0.6559698599537893
-8449.148125104795,-6014.136743011949,1,85,3.7990803529359956,2.797262791903102,0.7362999810576074
-8504.030117778546,-6022.676622185313,1,85,3.987923448742703,4.070772912432128,1.0207750887784832
-9988.167957166776,-6068.781122549216,1,85,0.06412251117131187,0.39147122356299463,6.105051352669686
1344.6113744927516,-5993.679263693398,0,84,0.3812310428501969,3.9196002742502474,0
-9072.83321078644,-6010.6151139761005,1,84,3.3767564370069802,3.3258702062060963,0.9849304408682826
-6953.395583679455,-6022.944926302177,1,84,6.28745503358328,4.024868382153731,0.6401426905887423
2264.4591752825254,-5944.256766810829,0,83,0.9670810463539055,5.292696356062549,0
-9800.607301003909,-5969.673634216516,1,83,0.8072704223209758,1.2150576596001186,1.505143290282725
1606.154740413639,-5857.563983215355,0,82,1.2282621186214828,2.543511078260749,0
-8233.962970442117,-5861.357554797767,1,82,4.515815538334332,4.233432069923255,0.9374678912338315
5408.1160226475,-5732.4377112173715,0,81,2.13175633328919,6.017707574453291,0
-8396.44899810409,-5740.411480137444,1,81,4.892566039972907,3.1097660472467603,0.6356104387430979
-9509.239686406243,-5847.913085123438,1,81,2.382148938918309,2.627761555061549,1.1031054826717799
-8809.758127305915,-5849.158575270722,1,81,4.13682965864279,2.9188821212783083,0.7055843150756984
-7261.573781457426,-5838.2480155835965,1,81,6.576183043221963,4.887695524503231,0.7432420132436783
-6114.784843519557,-5836.13043928472,1,81,5.762137624071242,4.289039904348386,0.7443487441936457
-2857.276308430992,-5880.100776547773,1,82,9.782223313226869,5.535765269635197,0.5659005210144922
3220.6088933813735,-5897.534785335049,0,82,3.4654089330861235,4.373804716756775,0
-6233.005406801953,-5869.54148850752,1,82,7.062270124558053,4.880128530172844,0.6910141419262459
-6823.477807093024,-5844.815365351619,1,82,6.798071082046293,4.816533976888714,0.7085148005599973
-7717.489278278801,-5822.819630309089,1,82,6.0908374912269485,3.4861292700582656,0.5723563097980494
-7151.907795948588,-5851.43487269005,1,82,5.87716824431418,4.181369239402748,0.7114598503195788
-6827.899628774752,-5935.597068429078,1,83,6.3002051666767835,4.121555845346811,0.6541939089772276
-8269.766479581624,-6029.2466353959335,1,84,2.9491047404455353,2.6679112375183793,0.9046512322635666
-6441.235928990871,-6140.074396498341,1,85,6.975272051815784,4.765940535779471,0.6832623158459912
-2781.921518582677,-6092.649376705985,1,85,9.250605816016195,6.203487891320624,0.6706034193544502
-9880.752332726199,-6094.685485085708,1,85,0.49577970144223754,0.6556236396274925,1.3224092025556196
-5940.595101196666,-6056.12826479646,1,85,7.9709256236108725,5.3702993126530965,0.6737359707316303
1310.985469761055,-6053.9958044228015,0,85,0.13908131648218708,2.3069281414182803,0
1241.6033305117794,-5946.77335280233,0,84,0.39183793623867474,4.1952856839243,0
-6777.962425258436,-5941.783078500238,1,84,5.992685233843644,3.9477705827865233,0.658764882308772
-9862.316450359238,-5976.2035151069485,1,84,1.1700476694944246,1.2200687943623036,1.0427513563524238
-8510.397450682178,-5976.952207053429,1,84,4.409328074919437,2.9429061117574458,0.6674273407998146
-9166.88740678709,-6001.915790574821,1,84,3.6929025959645374,2.676063835786304,0.7246505333529792
1012.708969132331,-5923.856247969646,0,83,0.09365966670357757,0.5344601693673212,0
-5342.9973418721165,-5896.987755619475,1,83,7.997812383871398,5.0576860866817865,0.632383687429484
2535.588340939783,-5904.664323318555,0,83,1.4869657148076068,5.122910629088075,0
-7355.311586407364,-5910.1794246836225,1,83,6.518349971748003,4.547525293369576,0.6976497599974802
-8683.512423456437,-5902.558244277496,1,83,4.266989122258977,2.846934997078253,0.6671999659495415
-9309.261926681374,-5926.735334779235,1,83,2.978562368069664,2.302464484114265,0.7730120103566736
-9417.537502435036,-6030.6719925147645,1,84,1.961652048711754,1.5731826685988928,0.8019682540703512
-7571.032618904757,-6051.787625023682,1,84,6.597738035492231,3.9696217821505675,0.6016640492235624
-7571.601548396873,-6038.205020201475,1,84,5.125030699873113,3.253969155889601,0.6349170076132741
-4226.986688326889,-5997.080526790518,1,84,9.27433998175301,6.133085831465028,0.6612962047468276
-7251.242596896647,-6105.545546518219,1,85,6.121926091593322,4.503840241818163,0.7356900711367412
-5263.735408068233,-6085.295352192937,1,85,7.04567620662189,4.666631813896165,0.6623398062928615
-9421.001227088334,-6081.674682136475,1,85,2.519707640922743,1.9858315085474616,0.7881198105269982
1164.6590893999949,-5999.65284576417,0,84,0.09784589775916085,5.572399693231389,0
-8191.211566500862,-5987.2822479736615,1,84,3.472905481308396,3.3982598625594447,0.9785062913025697
-5057.071271296473,-6051.718375446258,1,85,9.017508377270623,5.45541371886483,0.60498016642997
-8061.915610312658,-6035.384310610439,1,85,5.4872670365347185,4.199629995404298,0.76534091879305
-6533.299975562142,-6023.92114822685,1,85,6.093220158647948,4.32525649708723,0.709847401615467
-9154.519434014888,-6045.052450052037,1,85,3.880431635181957,2.773010289157561,0.7146138754297451
-5124.614020507884,-6028.056872719429,1,85,9.021514222337931,5.68702417561346,0.6303846599866761
-1531.4089877526058,-5949.61569119376,1,85,10.29451797176859,6.088167154133389,0.5913989533875618
-9893.884268739706,-6077.088771516427,1,86,0.9816990143071098,0.90406014130941,0.9209137710579267
-7900.497828782115,-6074.9103876832405,1,86,5.473497776060811,3.683904492220445,0.6730439369743733
-8715.143221530254,-6180.468087390593,1,87,3.7963442397839327,2.367126811493141,0.6235279684826118
-7554.285410324203,-6175.555925073293,1,87,3.9374231452192454,2.6702521506508536,0.6781725133843006
-8404.426021368101,-6196.956201712282,1,87,4.895382399423319,3.357596425138051,0.6858701019012486
-8830.871820931694,-6253.859213595801,1,87,2.9540241509853216,2.6241137288393825,0.8883183057132771
-8333.872017120342,-6350.498808613746,1,88,3.7448021925353028,2.4371941003418796,0.6508205173560456
-7084.532862151136,-6352.576793002003,1,88,6.4629813961746505,4.677351798110367,0.7237142599356432
-9821.326657903342,-6352.505131821399,1,88,1.0986417576409215,1.0312792380283708,0.9386856369293699
-6528.670475463088,-6335.620230547175,1,88,6.800698779551294,4.731415045244917,0.6957248363170546
-8517.644024254796,-6333.91080084642,1,88,4.705830043938341,3.557900931702668,0.7560623521212076
-9268.218152660982,-6341.176080930712,1,88,3.603311506566257,2.590134340093256,0.7188205447609222
-8594.554992972104,-6362.881361979132,1,88,4.154496897402369,3.733677678852621,0.8987075381346731
-9850.427762581836,-6378.400832049338,1,88,1.2636953424618038,1.264167612027109,1.000373721061902
2148.874573460003,-6272.15411269876,0,87,1.008994562863413,4.89755542868016,0
-9373.894312714783,-6268.923828898837,1,87,3.0465233179738194,2.205720444103945,0.7240123294283284
-3538.163564004266,-6215.675726688229,1,87,8.60686964381966,5.2228648031852805,0.6068251314734
-5482.665200874706,-6193.803611015936,1,87,5.755105134731156,3.5185539676670663,0.6113796160617718
-5087.37850040237,-6185.379827066321,1,87,7.884376102291318,4.690355415031088,0.5948923991167798
-9754.115681942985,-6230.237478937911,1,87,0.7615660752790655,0.872891604438346,1.1461797377443406
5062.455292289545,-6190.917108830466,0,87,4.7192992016228725,5.012688835584381,0
-6958.1023090302115,-6181.8789701818805,1,87,6.223208893031981,4.241136503751331,0.6815031564343048
-4408.505406063862,-6134.223539293596,1,87,8.005911999523788,5.603241077483474,0.6998879175560223
1642.0696540605531,-6022.580384635864,0,86,0.42207246644509755,3.963388810042504,0
-7472.45620881343,-6041.742193525515,1,86,6.366441866359941,4.278209009583644,0.671993728897385
-9851.918493896148,-6059.132383416893,1,86,0.5250131625825837,0.7793442698534054,1.4844280589456953
-7281.677053965045,-6158.032178808132,1,87,6.889404371812126,5.334997063892652,0.7743771124425061
-8245.201602166704,-6149.511741720003,1,87,3.5089077144205563,3.010008465059311,0.8578192161307294
-6280.281532508354,-6136.308557449948,1,87,6.513683751203996,3.842637866969681,0.5899331336525823
-5996.536706048151,-6128.691130388437,1,87,7.071497359501613,4.367888081071182,0.6176751342772224
-5805.526348452706,-6103.082489959537,1,87,7.109702399989679,4.09728591409664,0.5762949957093264
-529.9610423830563,-6056.211179760771,1,87,7.862090670783248,5.377693890408558,0.6840030362907039
-9790.330976702753,-6067.067909631589,1,87,1.1018844117310245,1.0936388719272647,0.9925168740786465
-9918.182192370861,-6099.107605289336,1,87,0.8768930730125342,0.8791445077911244,1.002567513472145
-6198.809229519558,-6079.02598462465,1,87,5.5949839550429,4.387023758129633,0.7840994350261716
-6965.2725235708285,-6087.848305251743,1,87,6.7721575618587835,4.239046435104803,0.6259521277206217
-7990.068449637225,-6076.783371336614,1,87,6.396167460495769,4.965167318197295,0.7762722519170009
-9754.588737277441,-6113.05228201372,1,87,1.341585953801612,1.1805732795166468,0.8799833332864672
-7851.2497374215045,-6122.276957161582,1,87,4.368835449949048,4.001174219007796,0.9158445688437316
-8051.56027428297,-6212.568314097656,1,88,5.0101703096479815,3.7850561699301637,0.7554745519611098
-9753.654804186282,-6212.026832532195,1,88,0.8375245922540513,0.8923577652329242,1.0654705228789747
-8826.678341786008,-6203.840381117057,1,88,3.3842477113181832,2.0431489200894144,0.6037232183850977
-5641.727250464988,-6214.519225574466,1,88,7.209573302569187,5.125971487188789,0.7109951271820912
-8173.100304777723,-6200.1939352197705,1,88,5.252105977934679,3.4394480862256964,0.6548702750240797
-9769.296451373091,-6254.542276345677,1,88,1.5325107004708205,1.3816005502497055,0.9015275063497096
-8152.827976467585,-6273.7058966420445,1,88,4.240523292665179,4.193823467840328,0.9889872495440298
-5019.835104772484,-6239.752302381327,1,88,8.326309592279536,5.250238366005526,0.6305600707994022
-5530.42992423841,-6210.310716306672,1,88,6.427019166029654,3.4069156054685514,0.5300926475333981
-7164.450250111626,-6182.35311524672,1,88,6.451786591593728,4.388928667414,0.680265629543993
-9238.98135019627,-6287.1411620258195,1,89,2.8564910960682175,2.3867507227044022,0.8355533563502495
-9643.505788577968,-6292.791385568311,1,89,1.780944657315907,1.5152975243165754,0.8508391982265788
-7004.847541856807,-6293.300810896799,1,89,6.597686629635982,4.356799797611494,0.6603526420975036
-8515.159404483295,-6400.029707726164,1,90,5.086232192389707,3.2790830495116143,0.644697867788646
-8897.689247241411,-6391.089925015643,1,90,4.135082817247459,2.8860599169549905,0.6979448887739841
-7581.741108826083,-6482.0591908497,1,91,4.158191809991394,4.178899204351078,1.004979903598946
-9569.179267917987,-6495.2791541910465,1,91,1.6618020371097875,1.710652417720986,1.0293960288411725
-8742.322691478828,-6635.382507796257,1,92,3.52976313161283,2.494654573362248,0.706748436182567
-9962.456772732798,-6650.887535267829,1,92,0.30401972293944135,0.7009193587354366,2.3055062084740303
-3156.016198794803,-6587.984332420191,1,92,6.7906375235490435,3.7478586365427575,0.5519155784041887
-9977.267326443985,-6599.543829441361,1,92,0.28024100948609315,0.5619219573044175,2.00513821419239
-7699.834839220869,-6603.883047835057,1,92,6.266867623563369,4.067580625972718,0.6490612009544687
-4311.768981877834,-6586.031405640585,1,92,8.731871479562042,5.9041880643705715,0.6761652502776763
-7574.013894560556,-6632.731777780481,1,92,6.017674581049693,4.235264496643715,0.7038041754502679
-8244.546589676607,-6746.248168701848,1,93,5.271659934660034,3.9725072371487338,0.7535590850673712
-9085.68894171371,-6774.492560136616,1,93,3.619158048093473,2.7904272638060688,0.7710155861460737
-9311.421167608549,-6799.125662715979,1,93,2.4714891402476935,2.1906239585848986,0.8863579139034183
-8968.298369233804,-6811.509911141276,1,93,3.109101364141782,2.1533246888364017,0.6925874832102146
-8155.99333132234,-6821.451352085572,1,93,4.421843592488609,3.5422449979028388,0.8010787635998827
-9907.381571998167,-6851.941272315505,1,93,0.4624869565425157,0.6493325101896272,1.4040017799505986
-9081.079504714728,-6859.974074544545,1,93,3.5006685503322204,2.3591263868071097,0.673907384514659
-9254.720694143925,-6887.8303593480405,1,93,3.2456999829038087,3.133889911346974,0.9655513226281616
-9193.639276345772,-6951.312713385298,1,93,3.0889325460559602,2.39262547456611,0.7745800333584767
-9089.735412920514,-6943.480862694153,1,93,3.6515218774823146,3.8679131698370335,1.0592605767171026
-9681.582084164418,-6980.5203377730395,1,93,2.0828852007137417,2.1426965751940883,1.0287156365890213
-6539.879097366433,-7058.251670120839,1,94,3.774682957918403,3.42893891711894,0.9084044820044627
1048.4536517475385,-7060.16404317791,0,94,0.09996041380814555,3.9271929398893124,0
-8677.494213082713,-7078.971288601914,1,94,4.679121402571647,3.4895319123188733,0.7457664830839877
-8413.508446364182,-7064.6266548989925,1,94,4.0729331254727565,2.450948046258639,0.601764863491136
1091.3673741652794,-6969.559676435157,0,93,0.09826978405028795,5.637233875958967,0
-8568.859744476178,-6963.638610471681,1,93,4.268511264919687,4.484166379612948,1.0505223253047498
-6290.82792356094,-7035.950856933991,1,94,7.4033245664950575,5.55888223216016,0.7508629646358854
-9855.75341441358,-7080.6316101274715,1,94,0.8919982680972909,1.049815156549132,1.1769251063552828
-5359.838798402897,-7158.804156061557,1,95,6.423233905497643,3.965597040286604,0.6173832525221371
-9212.233365580767,-7177.18952021179,1,95,3.4369388961803367,2.396794572799835,0.6973631609987386
-6832.119636384663,-7158.858898557614,1,95,6.649710228866698,4.433189609282169,0.6666741040891511
-3512.1255773897183,-7101.461508960667,1,95,8.12149644610275,5.959334453595172,0.7337729559008634
-8108.172222914751,-7088.49749629215,1,95,6.040095913351067,4.63226603723245,0.7669192846744799
-9965.13748632043,-7112.201504880423,1,95,0.27774663993813237,0.6187433631443314,2.22772582697006
-5404.0156546353965,-7090.740258407537,1,95,7.194255775503069,5.393256449995442,0.7496614824788198
-7771.85555708211,-7125.837969979371,1,95,3.6230005840900716,3.657219515834525,1.0094449147744333
-8534.28669562221,-7138.541376897446,1,95,4.743480352579922,2.9997121106273186,0.6323863255796582
-6970.140312790008,-7155.436474963998,1,95,7.042609610582547,4.3519466936243125,0.617945184280111
-9807.669734282643,-7159.264876025329,1,95,1.6475794589747594,1.1347779928006627,0.6887546373677188
-8395.981456916545,-7253.9246834146015,1,96,5.370077958042633,3.65353562818659,0.6803505753049227
-6965.112290726098,-7241.785086624751,1,96,6.193434203448648,3.9302482687349998,0.6345830341664962
-6381.361889194615,-7254.896874920772,1,96,7.405214019969942,5.282340930682562,0.7133272470501808
-9280.271843492745,-7266.959807922555,1,96,3.0481871064019592,1.864545454726699,0.611689961817201
4274.106613340397,-7159.955782289855,0,95,5.040985143785309,5.019273521706207,0
-9352.619493175704,-7161.917169014219,1,95,2.904626534415472,2.080729283943789,0.7163500227276262
3247.8694039033853,-7079.021293524999,0,94,2.0800733036569494,5.7254584658145244,0
-9316.89531116106,-7156.105316529045,1,94,2.3271785617086382,1.6884288647434176,0.7255261338879625
-9483.888889701637,-7152.045956340549,1,94,2.520980685263414,2.943104862974271,1.1674444315176298
-9130.680293520507,-7164.2259807439,1,94,4.217323453004002,2.7414078554815786,0.6500350011163769
1044.2603342623877,-7067.598222765757,0,93,0.19594025751099908,1.3174054406229025,0
1047.0188887601691,-6982.43679406195,0,92,0.09995833854127394,3.8018387392069526,0
-7580.574283819327,-6974.279846165428,1,92,4.8937832867840765,3.8492003610207774,0.7865490021627539
-9234.227954468028,-6978.273471249945,1,92,3.4824554717484926,2.3798043727158027,0.6833696488072929
-4575.894818981881,-6941.065776218871,1,92,7.5990707766226695,3.854187660227959,0.5071919677448924
-8883.43115226036,-6958.876650378368,1,92,3.537205809672185,2.6974210980165174,0.7625852843056662
-8365.802950028597,-6944.465524557826,1,92,5.622766485132048,4.0851544984948225,0.7265381746328888
-7867.575530634151,-6957.722010252588,1,92,6.300498300926351,3.4953796570878795,0.5547782873894213
-2213.011121632022,-6895.299902305829,1,92,10.735647038418083,5.620603005768819,0.5235458082456691
1340.577745805089,-6790.2623191527,0,91,0.39930186779250326,4.861976483392334,0
-8403.070693089268,-6788.366434995443,1,91,4.631421062467709,4.533266123215724,0.9788067338451655
-5833.685510895004,-6748.596709731217,1,91,7.745565012751589,4.927358520822349,0.636152238437144
-6674.3153480287865,-6835.955025785561,1,92,7.3984412847344725,4.853694027342951,0.6560427853036815
-2322.7891918312425,-6766.142103796615,1,92,9.334752902322885,5.678111347145039,0.6082765560652477
-5191.0742008795405,-6782.507555646866,1,92,6.4560305273474565,4.397204354919492,0.6811003040170166
-9705.069184807895,-6824.313535685809,1,92,2.0107236186430355,1.7747656743809055,0.8826502349331483
-7837.912492073675,-6851.546545504337,1,92,3.895905604211772,3.517623246880675,0.9029025865200263
-6809.142077235325,-6822.3883910022805,1,92,4.5628702697223735,3.778696355550363,0.828140212669311
-8678.913164773572,-6958.441544042511,1,93,3.8804940903336367,3.8568937446521394,0.99391821115247
-7622.943525294103,-6965.024130342152,1,93,5.17014063286856,4.076387861676913,0.7884481585978064
-5039.47927965504,-6971.271396417312,1,93,8.212120625752235,5.476372755847455,0.6668646267413805
-5726.236432107208,-7044.224922022933,1,94,7.265209878525138,4.861977364712035,0.6692136147481857
-9685.579349659954,-7066.1370323283445,1,94,2.159569972102924,1.7499438090313233,0.8103204951156461
-9240.118691969636,-7060.079608546894,1,94,3.6382788290130605,2.7822514251979,0.7647163826508121
-8355.396287707177,-7070.710492049289,1,94,4.5056838542162785,3.642346720726282,0.808389323036477
-8741.172382356532,-7075.621093833349,1,94,3.509155429377326,2.3117091026486034,0.6587650929610717
-7608.799393960606,-7088.774736025945,1,94,6.422739450905366,4.870383187304699,0.7583030924005733
-6280.474749163932,-7091.586003779567,1,94,7.6484935397638365,5.5094140822953905,0.7203266961856525
3867.4090001475197,-6995.814366664713,0,93,2.7796995032682603,4.419779475961174,0
-8890.101383885856,-7078.588033412266,1,93,3.1206586968976455,1.7676728541543727,0.5664422244930781
-8064.1623785499505,-7061.497255212734,1,93,5.014843201516562,4.149537231042099,0.8274510416970202
-7404.844099824293,-7036.612719642965,1,93,5.687331564283718,4.714906206103582,0.829019049234453
1104.7873198640577,-6964.299882520356,0,92,0.09890224289898687,6.103510632182784,0
-7928.3218958867865,-6973.835024820512,1,92,5.434658162523921,3.5606568206686537,0.6551758572824462
-9762.953691392346,-6991.388344045811,1,92,1.4089799786536195,1.213437788043962,0.8612171971410751
-8611.334384148124,-6980.068994014829,1,92,4.210800883636135,3.010192136322118,0.7148740155394714
-6259.836846861472,-6964.312430741957,1,92,5.328652691613461,3.7638630901678103,0.7063442314586563
-8880.449233893625,-6972.51925212424,1,92,4.405912545853109,3.0055919386150443,0.6821724006855149
-9661.365946214555,-6971.605501055214,1,92,1.069585509840305,1.1963350289791315,1.1185033996559572
-9695.769408581782,-6980.210363102697,1,92,1.8779204972447987,1.622962814987509,0.8642340383251835
1237.3747253378046,-6912.100442550193,0,91,0.4901866320679562,0.9463065650695062,0
-5283.387179128502,-6883.489421504161,1,91,8.57802271124381,5.200796508142637,0.6062931613978583
-2337.949109146499,-6809.9117250464715,1,91,8.493756509246877,5.118731740199545,0.6026463949875356
-8988.851432242138,-6818.189185004634,1,91,3.268755224329498,2.2486635040958824,0.6879265499475075
-9248.006176504852,-6860.052264922778,1,91,2.664019370068599,2.6767851338203057,1.0047919185179865
-9393.336792615926,-6898.298867579981,1,91,1.8768203889039219,1.7838284415035015,0.9504523992012212
-8679.574402372069,-6913.300096810282,1,91,3.4475389181795526,2.1187255502144158,0.614561749844783
-9175.474102328113,-6912.671312177925,1,91,3.05801733723906,2.0788753871510957,0.6798115111499055
2949.1823580716136,-6787.991231518029,0,90,1.769096592269457,4.333229355312174,0
-8425.602855552526,-6802.058115812046,1,90,3.27322371780951,2.4721912047367924,0.755277187833412
-9100.363315881013,-6807.852213944697,1,90,2.0597371768958834,1.9460120664123408,0.9447865913383515
-9126.976739431519,-6810.122387134697,1,90,3.703006392957948,2.7709247807020607,0.7482905743753404
-5760.36288826719,-6792.088939406392,1,90,7.3688872315245275,4.9999885886671205,0.6785269514339802
-8188.46366264242,-6778.4184878690085,1,90,3.7826607367854748,3.4031298192307453,0.8996656205871487
-9498.711580636462,-6785.907486771558,1,90,1.950964010642247,1.8600464707325086,0.9533986586047741
-8310.07438947154,-6769.547265155111,1,90,3.3635472291368136,2.510566651485343,0.746404459475846
-8893.899736090616,-6826.3579932471475,1,90,4.3082480923390865,2.991775849249771,0.6944297972462955
-7425.345002004715,-6801.091435579435,1,90,6.566516582662619,4.367712355979771,0.6651490635859679
-9787.873188961228,-6821.7650826065665,1,90,1.362082341171984,1.4657768521380528,1.0761293996931538
-7689.75591046357,-6855.210497741078,1,90,5.616482352284111,4.254944890060448,0.7575818142346779
-8961.073195773286,-6868.943758149124,1,90,4.168286633328538,2.7108324006536755,0.6503469264753924
-7230.003587649178,-6858.898777931032,1,90,4.914029844555107,3.8408010438095816,0.7815990470764651
-8594.593194322057,-6854.036443798441,1,90,3.3276916487106334,2.4297443976490274,0.7301591175343636
-9351.353196092026,-6854.431810417091,1,90,3.594572031468702,2.268039344548769,0.6309622744218797
-8680.868845584197,-6851.585973549272,1,90,4.601515131467644,3.3259238773075652,0.722788860252377
-8918.640431440548,-6859.136934936581,1,90,4.099598329345217,2.7785549270775127,0.6777627230425035
-6913.747357251193,-6829.496992216315,1,90,7.330172908720599,4.4940466511283,0.6130887643566768
-9571.718940599372,-6834.354808413192,1,90,2.2097606395643923,1.951731847011056,0.8832322433780877
-9665.861490437088,-6838.425509366588,1,90,1.2316001903112004,1.2199347946993693,0.9905282609538381
3169.928471265359,-6716.013947509053,0,89,2.794122194205255,5.175788750159869,0
-9005.10403593928,-6715.176013083497,1,89,3.9512191938453154,2.9370522285884824,0.7433280930512365
-4655.275437513733,-6665.41060074042,1,89,6.728868101954052,4.788277831471959,0.7116022723170115
-9809.52900933988,-6697.7833721460975,1,89,1.0310324527173527,1.0557909565999308,1.0240133119159591
-9155.786535465999,-6798.815453207618,1,90,2.969381475206227,2.3074059700671077,0.7770661968943736
-9733.749509705825,-6809.27342644151,1,90,0.7679495163805975,1.109146267386988,1.4442958081599895
-8183.217960335464,-6806.993322619443,1,90,5.460314200173388,3.9973062512186703,0.7320652447237814
-9249.61210677301,-6909.379258074277,1,91,2.872800289015495,3.126724465076692,1.0883890805191392
3042.1682464863347,-6794.41858489643,0,90,1.156006134766456,3.9992718188549974,0
-9745.513032977819,-6828.623387959964,1,90,1.1455067956524558,1.1554733560913817,1.0087005685839245
-3969.8185758175623,-6770.346805399608,1,90,7.07198827679686,5.082228741206389,0.7186421332005234
-9282.728926598913,-6809.18730171838,1,90,3.3889041280262115,2.202396546662111,0.649884583174929
-3013.206625381202,-6747.810799340167,1,90,6.428113377244883,4.567697432474098,0.7105813423645357
-9499.465719333655,-6774.2201664980785,1,90,2.2226884201430797,1.4847256210319095,0.6679863932239024
-5100.11546177339,-6789.942838620688,1,90,8.343205769555077,4.291668887346097,0.5143908715528374
-6541.5158674181985,-6774.4313895563655,1,90,7.208557649673531,3.8649872071204396,0.5361665113818548
-9460.298158678397,-6769.432980371791,1,90,2.7888777303671533,2.8289113442239433,1.0143547396936328
-8441.098476753277,-6799.503107323452,1,90,5.3637349491616915,3.882423758214375,0.7238284134120323
-6894.986607676308,-6790.821236537256,1,90,7.095878882378055,3.936726841525304,0.5547905913813993
-6192.66440669127,-6767.636857438929,1,90,6.265602765323524,4.371613497417179,0.6977163508691492
-3877.661689617593,-6737.0182572095,1,90,6.971795762001605,4.86470710966433,0.6977695956296446
-9815.251633844995,-6737.093325521999,1,90,1.017563763319493,0.9369582905680969,0.9207858262479344
-8420.358734366353,-6737.334684704672,1,90,4.865041298011002,3.317901837285158,0.68198842189513
2229.52338572635,-6646.298687908114,0,89,1.1553626221105833,3.850391141210114,0
-8500.109752093736,-6667.276389520976,1,89,3.6156956858247193,2.866333080437574,0.7927473243046946
-9985.882386207553,-6674.262632518153,1,89,0.0984612466222419,0.3850217171415498,3.910388405082161
-5013.931205955164,-6766.223403006228,1,90,8.805931029279028,5.536870167842338,0.6287660157038114
-7042.310871030729,-6743.349060212714,1,90,7.080235011096567,3.9551300120942154,0.5586156400028388
-8172.81494193045,-6856.425142844733,1,91,6.064259811279563,3.8789841173778163,0.6396467562558715
1740.028802610132,-6746.95064666878,0,90,0.4946252328042923,3.785151283007093,0
-4579.2213835643315,-6698.389582251578,1,90,9.039498118204236,5.57433865278808,0.616664617868792
-8792.789164731636,-6695.044125530895,1,90,3.6982480653459064,2.824071523500634,0.7636241467854297
-7956.06175923329,-6784.156225466496,1,91,5.764839131113703,3.808730028272953,0.6606827947230417
-9156.226535484124,-6885.178457389706,1,92,2.8257652800660558,2.3854256340722553,0.8441697726629627
1068.1528070633312,-6799.547496093838,0,91,0.19991667708253932,2.505608402506926,0
-7890.551228762988,-6786.243766136361,1,91,5.773223571821639,3.51191269890647,0.60831053140704
-8064.303554221638,-6820.7824664852715,1,91,5.45164295498201,3.6590325549151688,0.6711797865579852
-5600.669136106114,-6788.279872265922,1,91,5.558769016646717,4.368794707003079,0.7859284481725991
-7320.499663307477,-6777.930334773635,1,91,5.30268083965811,3.7174900753711153,0.7010586131393117
-7330.711329933252,-6772.61484763798,1,91,6.560038178556451,4.388512752857022,0.6689767091908484
-8298.040495570443,-6832.862663221529,1,91,5.294712902602589,3.898698071766221,0.736337955141975
3077.528154691465,-6815.665134420675,0,91,1.5881427008698665,5.601892731765984,0
12659.314548143251,-6607.126666685699,0,90,3.056289118623346,4.48339480582536,0
-7711.623365848017,-6625.720110794145,1,90,6.540715047271704,4.200474062344867,0.6422041064297687
-7180.1670020518395,-6630.728543012195,1,90,4.853170168228863,3.5879810430778756,0.7393066632129425
-8887.796222818068,-6695.728612625925,1,90,3.63141097435921,3.5082480533915454,0.9660840037557584
-9763.770563955639,-6741.002834042521,1,90,1.0134216332784778,1.0028313754001916,0.9895499982134524
-3906.429535115877,-6683.5905602831945,1,90,9.404296155853322,6.09191957630671,0.6477804904639293
-4698.263757257544,-6652.5049292454105,1,90,7.634651000937228,5.448981861514757,0.7137172165231707
3312.460517679977,-6552.291042167042,0,89,2.142470377165318,5.563009448684253,0
1261.933226108678,-6453.8668204751375,0,88,0.2955059377481253,4.975830285627399,0
-6626.882838577138,-6444.00483347794,1,88,7.530511028903894,4.490452599089329,0.5963011782140551
-4291.397602015982,-6436.598084194385,1,88,6.335704805652473,4.471480132175081,0.7057589122816766
-8892.678999117768,-6467.949000699442,1,88,4.096404630432109,3.8732542815480553,0.9455253157302201
-8676.064717435584,-6457.953806320982,1,88,3.4819671016091345,3.431950004360879,0.9856353906315941
-5461.219938186956,-6420.53896717462,1,88,8.332016874279118,4.359577934036286,0.5232320097063503
-8733.914817702918,-6424.286675392399,1,88,4.315142561046228,3.6719135926031106,0.8509367977202674
-7343.271468873508,-6410.446072288607,1,88,6.436784504469624,4.052173290999875,0.6295337816865075
-4784.224119300314,-6382.479980460285,1,88,6.217390389365698,3.4131034420020856,0.548960774256656
1326.6884143140571,-6307.161533297139,0,87,0.10429340358767027,5.256210662868829,0
-9235.238889164333,-6436.890720320026,1,88,3.64270137558724,2.2644497838282653,0.621640247263808
-8232.99634109431,-6430.384729797338,1,88,5.71117862920526,4.225575419192346,0.7398779995400628
2217.8819315835453,-6328.582310885124,0,87,0.4206095217787913,4.677207740185663,0
-9741.76275365096,-6351.720119338856,1,87,0.6510568479111623,0.682587126677961,1.0484293788905836
-9110.120325789821,-6452.857818800774,1,88,3.2228380264483754,2.7624094792587583,0.8571356849425605
-9039.56077931838,-6463.860183983265,1,88,3.8214409011869925,2.732980816601396,0.7151702426570287
-9811.45056608739,-6464.340351059454,1,88,1.1217474234228078,1.2311697923304872,1.0975463518996076
-9257.14722680036,-6470.7345376203675,1,88,2.8488671307871676,1.993902619006132,0.6998931601472052
-5244.928693032006,-6460.685942037897,1,88,8.199677279076194,5.378182299158328,0.6559017039466039
1121.818261686613,-6361.653590596509,0,87,0.19789607643619533,4.746810429905796,0
6796.432644712129,-6198.705089696245,0,86,2.4709608481126155,4.936066372098626,0
-7271.098778150553,-6174.698449790985,1,86,6.620013876946696,3.942957195581757,0.5956116208929066
3679.81240695873,-6150.515898487807,0,86,1.554830558873214,4.3843776413416515,0
1678.664564746503,-6081.584693102905,0,85,0.7944074479630926,5.492891209204579,0
2068.5834612438975,-6037.955657752505,0,84,1.0126152314492536,4.009402018879565,0
-7667.511599179514,-6024.873085147925,1,84,5.651299735663342,3.705659087240015,0.6557180225028446
5719.96544190344,-5876.6753463518035,0,83,3.870494115570303,5.787403845114291,0
-8099.262502649455,-5863.862729619463,1,83,5.372485496728401,4.229965608968503,0.7873386743518171
-9199.726361729041,-5869.012749019037,1,83,3.83119362921488,2.722980406397306,0.7107394378694772
-5185.268349086951,-5829.505761363185,1,83,8.210936459324689,4.892355053106111,0.5958339925466289
-8326.144065572524,-5941.14265664679,1,84,3.035728327593956,2.4295792581224074,0.8003282889441007
-6556.554796344978,-5922.637230318002,1,84,6.191075600184515,4.072415045134116,0.6577879690263747
-9187.087312421281,-5923.495883749095,1,84,3.721889040791774,2.5123615099935543,0.6750232160223371
-8125.1971929810525,-5913.577274378297,1,84,3.8030509733662816,2.499189405974068,0.6571538019018197
-2825.755860745182,-5884.521759254318,1,84,4.680539602023299,3.625006986796052,0.7744848447023154
-9462.533714442407,-5897.136314222633,1,84,2.7348408501140087,1.873831772823205,0.6851703172215998
-8217.475314632928,-5884.450806638439,1,84,4.99649923170485,2.951286783143886,0.5906709170326202
-7199.840145600121,-5873.458388382288,1,84,6.395767574641303,4.396978663213615,0.6874825596613732
-9943.274343955149,-5883.848235984906,1,84,0.31625773663564266,0.5777795262230329,1.8269261405885757
-7640.729824909938,-5885.980758983967,1,84,4.968527611870398,4.443296697822458,0.8942884180027295
-8097.051839979782,-5869.239953548509,1,84,5.183185027615749,3.288154211494067,0.634388738579647
-8409.838534609235,-5876.369484480643,1,84,4.5439802457558205,3.609061069073033,0.7942510472936094
-4211.635074735925,-5829.345344668393,1,84,7.667200740102738,4.3753572717197935,0.5706590214646141
-9558.609542712105,-5852.400849173967,1,84,2.5894901574867153,2.7029816083317733,1.0438277204942958
-8791.792067897322,-5854.353313268771,1,84,4.589650645367631,3.288516720358994,0.7165069793880975
-8434.592266232725,-5845.276472379074,1,84,5.257631088936877,3.491268149927801,0.6640382504725632
-1785.9421245344947,-5777.009871180563,1,84,8.013371661579745,5.305388110600664,0.6620668970138305
-7893.6938413681455,-5766.861885140242,1,84,5.4623795039117935,3.6521474150274034,0.6686000876379933
-4282.061627320965,-5740.805590784497,1,84,5.319625887924949,4.330694427269569,0.8140975546983179
1937.0926799202343,-5626.856960878362,0,83,0.6044261952220609,4.800400388246754,0
-7892.811292978213,-5609.302008428275,1,83,4.293520920134018,4.037320474503499,0.9403285903583016
-9043.218295520895,-5730.224253643981,1,84,3.8272727259187667,2.1715392079916085,0.5673855414811897
-7215.143103794602,-5712.501868177201,1,84,5.548732662394481,3.751294556243592,0.6760633075129576
-9694.24464464491,-5762.392652406221,1,84,1.3689753922586938,1.5590308120715561,1.1388304135250282
-5801.324778136345,-5722.707461998268,1,84,8.372567834239275,5.465024327708897,0.6527297760861253
-9392.880663316617,-5725.054928610649,1,84,2.6422697198607015,1.7002071750520498,0.6434646555090081
-7562.912629007966,-5703.5614941482945,1,84,5.035308398335334,3.8107262677823304,0.7568009675518884
-9865.854995186111,-5720.221266770577,1,84,0.9487857620082703,1.00410184715333,1.058301976441946
-8652.107581027052,-5714.305380377053,1,84,2.696106720853922,2.8878858849900477,1.071131889050514
-8558.900727239296,-5829.167449423841,1,85,2.826753366306355,2.1406870816280943,0.7572953152348322
-6618.661451021135,-5798.208522869816,1,85,7.010118584869663,4.2105597283218374,0.6006402997817651
24644.935433051633,-5514.894126742398,0,84,4.314791041056319,5.270728791612223,0
-9852.395035173347,-5520.534385243134,1,84,0.8481465592402199,0.8751381550112834,1.0318242118381555
-9550.488879993467,-5585.259952120484,1,84,2.172742436781986,1.6087086470319027,0.7404046700604492
-7914.720323796437,-5569.569403649817,1,84,4.779556222113263,4.211932529906425,0.881239247781907
-8269.357377020602,-5600.9480364740475,1,84,4.823798054936812,3.1314089339939786,0.6491583806642166
-6890.238083735485,-5604.400731685109,1,84,4.483702728677997,4.032192508402007,0.8992996976833216
-8820.82299645115,-5598.069294435335,1,84,4.516691617651651,2.908914420085624,0.6440365352191226
-8720.556305550768,-5600.836203631349,1,84,4.700085756818289,3.0710437933158015,0.6534016509934356
-7129.842876893457,-5603.161513227559,1,84,5.136070546059559,3.542741192807717,0.6897765832920152
-9631.847977379992,-5637.212835709626,1,84,1.9030039559904226,1.474948444129233,0.77506325695555
-6770.196760569444,-5665.8517968081605,1,84,4.433723849655612,4.192253467716495,0.9455377939341275
-8101.428273902109,-5648.883248689913,1,84,3.6728661427333575,3.6188123683686806,0.9852829446366782
-9067.351654341766,-5655.28911918472,1,84,3.2256541681675945,2.395838447740673,0.7427449822067203
1384.175648835666,-5663.658898757895,1,85,6.650376063486674,4.749189331229375,0.7141234248848567
-9170.225159036576,-5670.2937047672285,1,85,3.4962562933028303,3.590396642346827,1.0269260435009655
-8946.018612194976,-5659.9980238364105,1,85,3.870508227180808,2.481676579660858,0.6411758957733714
-7487.868744460729,-5684.492454910724,1,85,6.330687086086951,4.259464280189031,0.6728281183807238
-9495.160909043201,-5708.77809885144,1,85,2.265234068897902,1.7084417713530407,0.7542009873550259
-9952.81199485135,-5726.401832048677,1,85,0.40914814871786587,0.6413514661719696,1.567528701233897
-2746.6177153980716,-5770.824074801235,1,86,6.640088956891746,4.872134205428344,0.7337453213441603
-8627.277299233047,-5810.903836342509,1,86,3.7172646444116326,2.7836738661551874,0.7488500638070084
-9879.69850234016,-5821.665314932691,1,86,0.5734862814100788,0.7211156638163202,1.2574244357567763
-3737.245234395088,-5779.894854290729,1,86,8.427455428615596,5.535052876101816,0.6567881518907156
-9512.196012247805,-5783.419304555718,1,86,2.5143933215681127,1.903691394044412,0.7571175828836383
-8724.537770415516,-5880.376637006003,1,87,3.1341727554947916,3.0692959883850808,0.979300194287003
-8850.751445935784,-5889.8835698492985,1,87,4.252881974220992,3.250251287653631,0.764246764277766
-6345.952792504431,-5872.870195970911,1,87,6.007401853432675,4.465981300489724,0.7434131109337772
-7100.583565799869,-5887.72083388867,1,87,4.677307106150224,4.429420478097478,0.9470022766461502
-5271.2264012702335,-5867.430999611073,1,87,4.36738524428737,2.492892376297578,0.5707974535927034
-7321.278562944937,-5867.337605878516,1,87,5.948450979544905,3.5034396797936145,0.5889667229066836
-5553.6366484015225,-5840.165290560012,1,87,7.047348795501962,4.88090148949444,0.6925869048243678
-9923.233738430079,-5968.885705343393,1,88,0.4240699824440559,0.6438698362979522,1.51831033308964
-9042.82092959858,-6183.758333835885,1,89,3.8749112643760246,2.9363194184308576,0.7577772026487146
-6355.546263329571,-6170.331827870357,1,89,6.483841310638386,4.7434557472387615,0.7315810982998487
-8412.741869347767,-6182.535539427741,1,89,5.369675965885187,4.1140030315023415,0.7661548029414753
-8876.258174555725,-6182.421301326135,1,89,3.62502090946713,2.2929108951742867,0.6325234950193265
-8617.657391123197,-6171.073646149576,1,89,4.029260395066492,4.105879514651551,1.0190156783311581
-7835.582520182374,-6209.976150952215,1,89,5.557215398288654,3.829947113915718,0.6891845716642819
-8604.982360091764,-6248.656533158493,1,89,4.044773084780871,2.2542589926238596,0.5573264421447726
-2883.957346756446,-6310.007205083608,1,90,6.3638109681495365,4.567240386675462,0.7176895117617739
-6734.722204865389,-6389.182011330876,1,91,6.864665382353252,4.25986988241093,0.6205502592102485
-9954.261920527384,-6422.126358676918,1,91,0.4234527711765216,0.580503607962232,1.370881589343152
-9112.988628433604,-6469.864883690953,1,91,3.3624401812664315,3.0622017695993846,0.9107081775492092
-8631.095166471245,-6467.274944753859,1,91,4.13598478083658,2.3701204312680364,0.5730486345717731
-1730.9664504845514,-6398.511595576127,1,91,7.931611547987921,5.24234053748973,0.6609426729703624
-9770.57737276621,-6441.1785008689885,1,91,1.519223075727576,1.156860163386352,0.761481432101284
-9509.138105217666,-6448.853978963195,1,91,2.6691829868588264,2.9129238881203605,1.0913166697306038
-8591.829993772462,-6461.215944556255,1,91,4.686674034319748,3.161111971561132,0.6744894030207405
-9249.238413392708,-6505.424006874001,1,91,2.464546875261147,1.6466460411968145,0.668133382945834
-7202.788786298634,-6589.874276186996,1,92,4.940475780023002,4.463274094214359,0.9034097712333242
-9934.6975879066,-6596.799609837911,1,92,0.38964822927922504,0.5042604433044339,1.2941427816500528
-7871.77834534618,-6593.223194038424,1,92,4.437940770822676,4.287057740642465,0.9660015673998638
-8094.907816876666,-6695.3300232310985,1,93,5.027146188045793,3.3047545418586943,0.6573818262371547
-8028.766073927633,-6678.369660065522,1,93,5.201399395814438,3.221640519159102,0.619379569611892
-7759.15117065121,-6664.993727836427,1,93,5.9769648754128415,4.169482413885247,0.6975919217857629
-9006.900845452597,-6664.670362154588,1,93,2.251965628183506,2.283398830344931,1.0139581180849462
-7661.512788912538,-6643.3838495092905,1,93,5.822182106116977,3.759243130801165,0.6456759789171795
-8357.373957905498,-6634.475203282609,1,93,5.141796976443848,3.740077881693768,0.7273873120288907
-7630.511574550212,-6658.094835772889,1,93,5.544952198043587,4.4891094655331845,0.8095848810233327
-7633.923525940364,-6744.78534852167,1,94,5.8041879627366955,4.080874064886882,0.7030913008135483
-9122.730549522461,-6902.400825692311,1,95,2.847322151761376,2.037775644056668,0.7156814492508632
-8519.839036919111,-6914.764590630613,1,95,4.759759424591584,3.339298962304243,0.7015688534701047
-8826.626719116211,-7038.590720591752,1,96,3.555121964053834,2.963615631833714,0.8336185542434564
1068.6134924194098,-7044.630830218753,0,96,0.0988762440266491,4.917058145437238,0
-9541.57148929654,-7159.582859432025,1,97,2.4053148725522466,2.0474876528170918,0.8512347702089127
-9102.04868983251,-7173.786196963244,1,97,2.931007804285077,2.1317249969676477,0.7273010306731722
-1496.930430787168,-7245.240611544339,1,98,8.305417856963249,5.130148363017358,0.6176869666727544
6658.028452907179,-7099.128819905162,0,97,4.925183578434914,5.159616031776483,0
-9069.908561819359,-7097.843495153582,1,97,3.963170593440816,2.7544056475107404,0.6950005261114364
-6468.330846055103,-7110.547084232475,1,97,7.047296789987256,4.794698545500225,0.6803599576382954
-7696.591711587142,-7104.313892608857,1,97,6.467940540055631,4.114611229708095,0.6361547704754728
-4069.999302101319,-7079.694531279712,1,97,8.684367549103408,5.8514366980584125,0.6737896185269734
-3682.282305974989,-7025.1915114139065,1,97,8.692354854135086,5.880303519599664,0.6764914247377181
-7695.578138103563,-7020.937857405219,1,97,6.375895766259059,4.514060339402587,0.7079884152577873
-6059.49492007291,-7052.955075814406,1,97,8.65012778157655,5.362110016951265,0.6198879545307688
-8604.121295272384,-7044.4559429513365,1,97,4.784338869253888,3.5077111098074667,0.7331652722906916
-3381.736109302421,-6996.577336957964,1,97,9.100677609905388,5.611002430949056,0.6165477639645109
-7330.152342751457,-6997.867556731741,1,97,4.449784210888303,3.6767511055368303,0.8262762712268348
-9732.620300455854,-6995.781873132737,1,97,2.338478698082896,2.500189987363145,1.0691523465288868
-8567.869912138889,-7004.9614779567855,1,97,4.949370321609109,3.045971900507116,0.6154261456671176
-9100.403935524198,-7014.895657120592,1,97,2.744315280075964,2.8222604664110658,1.028402416770767
-7108.418601818256,-7002.010311251375,1,97,6.632805929277586,3.7010161592444506,0.5579864990332302
-8642.871022396706,-7045.8839344955395,1,97,4.573209356832008,3.2685209376300643,0.7147105418970501
-7243.0271183343575,-7022.957375838334,1,97,6.583658306718779,4.189417151088838,0.636335750719845
1819.1766259228257,-6917.898279859917,0,96,2.334137153298383,2.15557762058017,0
3746.4534073904915,-6797.293867249787,0,95,2.0742968916613758,4.063020260036941,0
-9511.385518866166,-6873.783405807524,1,95,2.91274510823555,2.965192179536219,1.0180060627867433
-9287.448849599437,-6887.582960344468,1,95,3.0360660968436917,3.165894069923141,1.042761906012
-9361.470459660859,-6937.87413690229,1,95,3.1146622270821815,2.1258924810918467,0.68254350748119
-7975.719290089447,-7036.020790070702,1,96,6.023882432265558,3.8746801644081845,0.6432197520413646
-8782.539723258,-7044.82998244971,1,96,4.727050826819884,3.29716784064377,0.6975105539243661
-6086.810304640083,-7015.558616203365,1,96,7.443646371675425,4.979596607317373,0.6689727532282757
-7682.01879658213,-7020.181147815124,1,96,6.513803510690301,3.890607493061207,0.5972865909565792
1458.5348439097293,-6909.7575885225015,0,95,0.5231684046953495,3.2253880883655803,0
-9013.55510356659,-6941.561849170327,1,95,4.314324715377247,3.0444354744129503,0.7056574725499638
2862.377028201907,-6820.222664105787,0,94,1.4442816794504094,4.776054693111153,0
-8415.002374990947,-6828.659196244231,1,94,5.6526593481639535,3.412679521103768,0.603729910278822
-6493.992274198928,-6795.274416828518,1,94,7.558642926904333,4.024090823035026,0.5323827123400187
-9952.94690485936,-6808.154014094185,1,94,0.34288876730920764,0.5395383830893209,1.5735084800919712
-8538.813195879004,-6807.955127645073,1,94,3.717049670966308,3.1449049336578976,0.8460755739215957
-9077.214510870395,-6832.29723714853,1,94,3.065181612020404,2.095051298355952,0.6834998912103633
-7031.903699922852,-7145.92930777204,1,95,4.803655217151466,2.3657447010983423,0.492488447682807
-9685.695849144415,-7144.278820781655,1,95,1.2225815835698655,1.1923887560336617,0.9753040386490671
-6887.836291976594,-7117.915923870595,1,95,6.899867966086318,4.501977242613402,0.6524729552422108
-9895.294179173738,-7137.525566003045,1,95,0.6446727790202275,0.7719274140411075,1.1973941496557081
-2261.838452512189,-7078.045180611873,1,95,10.16334358803476,5.5803634610044535,0.5490676776463781
-9367.183958399582,-7102.569397192707,1,95,3.292585860808183,2.5505376796849246,0.7746305753311111
-5319.104910838085,-7067.898921097526,1,95,7.56483609352086,5.379091333303257,0.7110651528736158
-9797.992991587738,-7078.566611058289,1,95,1.2752542576149812,1.3257637142088516,1.039607361663183
-9245.64577492249,-7099.51515460313,1,95,2.872179876798312,3.2730220925184796,1.1395602757885053
-6648.742225220686,-7069.979454086701,1,95,6.901665421847422,3.6725893092497093,0.532130882152592
-8435.42939213121,-7086.466905884341,1,95,4.00462845217268,2.1679889137838666,0.5413708012306713
-8359.762894547906,-7089.024674405587,1,95,4.423420376458517,2.981040765368216,0.6739221036357615
-9199.76018142156,-7090.335649921228,1,95,3.3236117480845775,2.05419292535917,0.6180604357723242
-5917.562965011677,-7162.63009164249,1,95,6.809455912377815,5.138808900192748,0.7546577826947574
-7029.989657456227,-7141.439641131792,1,95,6.204563689117425,4.190394650288313,0.6753729770939592
-6235.265784797601,-7114.600504226869,1,95,5.679633795750269,4.078694638657963,0.7181263414746575
-4475.456074361296,-7084.774636206083,1,95,8.829130823159025,5.346547854226706,0.6055576660165213
-2695.924961460504,-7017.455468408234,1,95,12.6168542510609,6.264777522292445,0.4965403735059922
-9608.937906774994,-7014.050774466885,1,95,1.418028740560895,1.3024714019321266,0.9185084650801506
-7700.062514183161,-7063.094782375649,1,95,6.193372523814173,4.070018462512298,0.6571570572999842
-7459.045724433413,-7051.528133120206,1,95,4.915399822481813,4.294376549432938,0.8736576279698612
-8558.319548748574,-7038.445173183655,1,95,3.485683607477845,2.763975112182522,0.7929506585890239
-7731.931714497032,-7077.996524471793,1,95,6.10290499285275,3.8299964253765095,0.627569400123696
-8817.867035602945,-7071.121980148576,1,95,4.161337054607663,2.877338235323843,0.6914456093235454
-4207.339206074284,-7026.397241887771,1,95,8.758060968437343,5.068967154403951,0.5787773312690675
-9047.2185329252,-7028.342460570836,1,95,2.9560676997728246,2.280683477351044,0.7715261316668477
-7842.057299742535,-7043.155376484085,1,95,5.996210643545272,4.132148326521378,0.689126612149542
-6325.028147334395,-7035.476609964626,1,95,7.077622626197317,4.557081550800173,0.6438717902156099
2317.1420038803167,-6960.344249517589,0,94,1.3948361177160076,5.918647396539719,0
-6994.5493559826045,-6957.109306874399,1,94,5.666078529270008,3.8409475722109905,0.6778846343850163
-6715.7981598070855,-6968.615856492275,1,94,6.987665525597023,3.4902682488164865,0.49948988485940443
-6573.730299713152,-6935.452456108938,1,94,7.285986299897535,4.2551677133788255,0.584020822745531
-7665.334546533983,-6921.813977068696,1,94,5.852797112740306,3.858075718487326,0.6591849408360847
-5996.587506835242,-6918.2599299746935,1,94,6.581201369898664,3.6251064960946104,0.5508274693850356
-8919.534276003274,-6923.277676575243,1,94,4.298228208306347,3.3202607631370387,0.7724719587295571
-9386.1005204798,-6928.3256205942935,1,94,2.8303977032805236,2.959057324238946,1.0454563755507933
-9117.265589620421,-6933.272236420998,1,94,3.361463335930456,2.418298318693121,0.7194183238127552
-9926.79979667496,-6953.97735797043,1,94,0.4968940774228739,0.74784320307832,1.5050354533444756
-8583.245554709189,-6953.762142075553,1,94,5.339844126007016,4.07436145041445,0.7630113078714794
-9934.6233817591,-7023.570716679541,1,94,0.40836519961732093,0.498694691253857,1.2211978193077762
-9209.252647591506,-7048.071018092671,1,94,3.435059463752868,2.186443049723548,0.6365080642111556
-9168.194897089787,-7040.288176276456,1,94,2.7410790725375853,2.0428185324647234,0.7452607087958104
-9081.677960901494,-7039.978169667227,1,94,3.0563140827225075,1.6409289393237758,0.53689800685081
-7043.3534298802915,-7024.257954453456,1,94,6.889715959550804,3.8731367236126166,0.5621620319838465
-5739.353454770968,-7063.944954495895,1,94,6.969033439943425,4.34564047923909,0.6235643029536629
-8743.2937266352,-7053.773829286676,1,94,4.158329828310743,2.5948852839577157,0.6240210351500298
-9735.254168348361,-7056.012602188961,1,94,1.27368014380331,1.24919073591256,0.9807727175383116
-8817.532471326942,-7058.247280184551,1,94,3.9317890181809187,4.168463226605418,1.060195042849476
-9036.287793782129,-7056.138858208207,1,94,3.6881134120555283,2.790109557891719,0.7565140347288516
-7611.866446318323,-7060.189132069789,1,94,4.413795464160739,4.174023879583562,0.945676779423949
-6902.914394184136,-7030.171476686398,1,94,7.216826277144585,4.981207988870308,0.6902214072473387
-9734.010732471772,-7048.609421113385,1,94,1.9094563127758704,1.624271275694735,0.8506459481827328
-8551.219775399026,-7053.127361296774,1,94,4.371845171841287,2.972730890465866,0.6799716764017611
-8905.884651932167,-7061.811703653255,1,94,3.477153234498947,3.1042021734091882,0.8927424142860646
-7617.151205146731,-7060.405763400735,1,94,4.823471811702003,4.320783699973232,0.8957829274529556
-9980.942966014221,-7070.049744792434,1,94,0.29390101537030366,0.5144842334072212,1.750535746734292
-9526.66773430528,-7088.516625439886,1,94,2.8403126180725233,2.059430407262519,0.7250717382863574
-8160.003338603377,-7086.562460892341,1,94,4.790495920418399,4.409747056772974,0.9205199482536726
-8679.320903781125,-7096.946711676805,1,94,3.758326076461343,3.744031881014556,0.9961966590561919
-8712.489825451772,-7107.625585929392,1,94,4.007220782642089,2.5338714816597383,0.6323263975460508
-9789.471765067394,-7114.226984103106,1,94,1.6563652534632447,1.697885058775678,1.0250668173735356
-9246.916320888875,-7121.425769092906,1,94,3.153420472543319,2.262096706278726,0.7173469970068037
-9428.062117061516,-7127.380575013156,1,94,2.678137427738053,1.7495088315933267,0.6532558088592775
-7056.38518637197,-7207.826106486337,1,95,6.126934479365382,3.7531540805728265,0.6125663809875721
1718.007922446217,-7096.345122211656,0,94,1.3504922096735241,2.329722317267281,0
-9389.93086340174,-7099.195440761847,1,94,2.849200578327574,1.8158241640532264,0.6373100503577324
2566.5330673856884,-7058.963128898749,0,93,2.4197890815364573,5.172982220259198,0
-6384.503727077374,-7188.097110878795,1,94,6.616749131213485,4.419109600888109,0.6678671826987738
-8276.27716029418,-7180.23937423003,1,94,4.778828950618455,2.4566330426504828,0.5140659077853281
-3713.9009732933055,-7152.967791331398,1,94,9.973714975642118,6.070520151940441,0.6086518580855691
-8893.314238761988,-7164.81652922422,1,94,3.776269041019281,2.5836244883005604,0.6841738393732654
-8110.281414402389,-7204.81932241532,1,94,5.524731495735211,3.9317600843978617,0.7116653700606019
-7853.341685221143,-7246.1169400316185,1,94,4.726331990330468,3.868750637922463,0.8185524516342656
2760.6444589122993,-7142.589983625519,0,93,1.1138610371203164,4.76406234398485,0
-9955.516658941078,-7181.16445628758,1,93,0.3998714228304525,0.5753009452903306,1.4387148279267286
-9635.526918658064,-7191.376393152785,1,93,2.028950187501433,1.4777671226103402,0.728340760514258
-7173.538148447069,-7228.918987599762,1,93,5.8934186689571355,3.534672367692968,0.5997660383965973
-9737.788744822734,-7252.756971778685,1,93,1.8353315204734937,2.0859662627116617,1.136561018781777
-8386.885063623933,-7239.432860522924,1,93,3.536334020357058,3.0153838821140417,0.8526863878682996
-6385.186322890511,-7217.822131916504,1,93,6.730579898595682,4.639358165464803,0.6892954597319012
-6578.985194130412,-7192.857589922506,1,93,6.519763874008444,4.26990611987077,0.6549172949181625
-9301.77770126271,-7214.57401664968,1,93,2.7075896435889555,1.9677961525196004,0.7267704532623539
-7187.499909588256,-7200.164401671379,1,93,7.011744157628865,4.852958755991213,0.6921186293871167
-9784.646420529929,-7225.328949217869,1,93,0.9770617315209991,1.0155605138695054,1.039402609995353
-6815.487604436308,-7310.820674270931,1,94,7.6210709015175,5.199676797139661,0.6822763971536213
-6248.904302654903,-7409.784611994151,1,95,7.032942306428547,4.485422235192964,0.6377732163525653
-8853.245556517075,-7403.26837474317,1,95,3.577354063692551,3.785397509382381,1.0581556765099978
-8884.511368271082,-7399.278894730019,1,95,3.702350251100486,2.5809441582702823,0.6971096690549801
3512.426747969347,-7271.8145659416,0,94,2.7409050390700336,4.76964875905548,0
-9760.44243103914,-7289.485092089616,1,94,0.9884405540378156,0.9065571695788495,0.9171590197058694
-8697.272868220394,-7288.640865802115,1,94,3.981227696935204,3.5963809515481504,0.9033346558692654
-4751.122672402222,-7275.416235779959,1,94,7.760528792112964,5.561509079790051,0.7166404801490099
-9848.752862699925,-7296.869048315778,1,94,0.7923560499498703,0.8639928161024624,1.0904098178554
-9199.054497032566,-7402.38973485976,1,95,3.2121194883875166,2.5050073137225994,0.7798611859797634
-9763.872077916802,-7409.81861579392,1,95,0.7849042995554241,0.9526777040130553,1.2137501406893292
-9246.820120124756,-7529.711656866461,1,96,3.1883810159515913,2.135658877707138,0.6698254904361667
-9279.633444879331,-7538.272360528724,1,96,2.7016635000438805,2.268186209614656,0.8395517093738046
-7878.888221951104,-7551.984201595576,1,96,5.969820058085339,3.7278315645551103,0.6244462191965486
-7178.9592500431245,-7524.518977290465,1,96,6.235873996111603,3.775714157995672,0.6054827535562824
-9255.211722824979,-7531.612032012704,1,96,3.155178898910488,2.049568903562946,0.6495888091387404
-7962.97495643108,-7520.579957216275,1,96,5.263431854803581,3.9147333573125636,0.7437606233544849
-9938.75017390737,-7549.360615374538,1,96,0.24015304304060214,0.47968750116833003,1.9974242053940177
-6772.878285064038,-7520.5208375123575,1,96,4.925982448037586,4.441480434445954,0.9016435769508988
-9534.171250940106,-7546.722173739717,1,96,2.4350187848194977,2.000263001237291,0.8214569077279483
-7025.276181478144,-7518.306153960553,1,96,6.7341104293905545,4.310456593551052,0.6400929475017763
-6811.393107486251,-7563.3512495543555,1,96,6.676089781135892,4.379621778051264,0.6560160096148527
-9566.425963054435,-7565.323942669752,1,96,2.287228848430285,1.4977135435761413,0.6548157805039996
-7834.521182955965,-7590.229054274879,1,96,6.321498480730692,3.7178302151282185,0.5881248293361103
-9901.003421704245,-7591.248959523557,1,96,1.2250617374977437,1.493078365985547,1.2187780585125794
-8377.74962884513,-7582.655928374276,1,96,5.157115230009747,3.3112277105054053,0.6420697546638194
-9226.414583609107,-7608.17743687317,1,96,3.513728867023517,3.6546100264936685,1.0400944878793372
-7818.57447589845,-7602.069962455024,1,96,6.5267243984981995,4.872181933270095,0.7464972681229171
-6172.136398152645,-7580.410294173884,1,96,8.156960559107834,4.98318874696231,0.610912448436228
-6177.758395524456,-7550.489484412526,1,96,6.977896313091743,4.892162258636489,0.701094146305663
-8890.187063704301,-7579.921406181758,1,96,3.6633990547491915,2.6656837221365497,0.7276531118499869
-8859.031223235868,-7598.030728615221,1,96,4.423651954474428,2.7586410955368676,0.6236116954785654
-8783.678983623344,-7623.262542464982,1,96,3.4792634638274325,3.6898266928628156,1.060519483857583
3250.9197345267276,-7546.76377207995,0,95,3.244795174522617,4.959196799681156,0
-8379.186498366753,-7603.033688286944,1,95,4.8445963677998645,3.86440498174897,0.7976732607558716
-7434.161894873314,-7581.501252525542,1,95,6.327193815829933,4.305303920921564,0.680444450769024
2269.7173000899993,-7482.7905612951145,0,94,1.5063155963287163,5.232623586305853,0
-9639.258825399056,-7504.376829621508,1,94,2.1405896051940294,1.4687604998433674,0.6861476372114937
-9648.934334369424,-7515.174995815773,1,94,2.3276701174797423,2.0829578980102603,0.8948681698356633
-6121.990295244814,-7499.234981763771,1,94,6.67988635122192,4.344315138778524,0.6503576423847149
-7759.5886583531665,-7488.756978028625,1,94,5.770052678583377,3.874129979750119,0.6714202097547
-9573.56282252159,-7541.887904924142,1,94,1.9953641041279695,1.8413288749190249,0.9228034478067038
1054.093083604308,-7441.874918621869,0,93,0.09995833854130909,4.16686180313594,0
-9180.852704914852,-7455.130318673081,1,93,2.74709207369158,2.1842855692242877,0.7951264503082399
-8901.360527328432,-7480.63856005916,1,93,3.157828874823984,2.478641669645286,0.7849195659101206
-8312.613004026645,-7585.883659147347,1,94,4.130645842425103,4.101836483916841,0.9930254590668688
-7613.301196746119,-7592.009914996492,1,94,5.334840616351733,4.134366644888073,0.7749747259957295
-7139.764035744385,-7596.207596936465,1,94,6.912046115663342,3.8535671585505353,0.5575146771399561
-3376.1192544564274,-7564.548081636894,1,94,10.562026122993231,5.7788797560661616,0.5471374231394585
-8132.7150184785005,-7569.175611062087,1,94,6.014467076932468,4.495777002199769,0.7474938252538793
-9598.518407474705,-7604.838293246636,1,94,2.0762691986089394,2.257522170212436,1.0872974331675933
-9307.770189941808,-7608.682213186622,1,94,3.254506590242851,2.099747445281356,0.6451815005004101
-8676.914529718939,-7601.660569713743,1,94,3.922386597669243,3.7426597260449466,0.9541792051474239
-5992.440586979983,-7570.721708301459,1,94,7.940277498012178,5.143084964201425,0.64772106081796
-8742.645873837888,-7558.9974120357465,1,94,4.019246148184766,2.7067369771899656,0.6734439438133004
-8998.605422448654,-7563.10988597376,1,94,4.247596755328817,2.7696341732258003,0.6520473417706517
-9627.321652084007,-7560.067294590838,1,94,2.0327186220440856,1.7029414605739175,0.8377654644898432
-8226.997898293543,-7550.342000043333,1,94,3.9672891309651717,3.363127505735848,0.8477142438362334
-9282.967236349454,-7551.4783598379845,1,94,2.759105183854806,1.7933508756728656,0.6499755377819036
-9583.006368107648,-7556.442007434085,1,94,1.718508900073581,1.318869459370891,0.7674498859531198
-6534.349500336179,-7551.402364567311,1,94,7.790671868594714,4.5321724443840825,0.5817434645982078
-9185.014306824152,-7585.517818548036,1,94,3.807744560745511,2.9878155728905735,0.7846680693059922
-8602.664747106162,-7584.125452414085,1,94,4.816570469422988,3.2015926350371893,0.6647037877597441
-7126.968572787064,-7558.300842557042,1,94,6.467799091427139,4.1650553549478575,0.6439679551067852
3502.2576996205567,-7436.322722052611,0,93,1.0252709514599496,4.141973924466443,0
-7743.225060200532,-7423.520120730021,1,93,6.03474309154271,4.238516513051161,0.7023524363433399
-9684.077357071514,-7444.037060440449,1,93,1.8125755329164441,1.7091547962543034,0.9429426609903886
-8716.200284563643,-7461.99038608777,1,93,3.9877921306961825,3.3248263005630516,0.8337511564281583
-6921.108483063428,-7434.139868766896,1,93,7.038814930985088,4.742778972152339,0.6738036187419099
-5200.443092445943,-7400.963862004985,1,93,7.638669999322256,4.686119386149241,0.6134732075826052
-8258.780071546487,-7394.556885961562,1,93,4.997192163646172,3.549973764750105,0.7103936867938829
-9448.735441604233,-7412.69138335223,1,93,2.5269276536295235,2.571648953206295,1.0176978947191213
-7005.922822923107,-7383.235738371129,1,93,6.199047680445984,3.882626192723663,0.6263262347490658
-7677.352282252803,-7364.925684390412,1,93,6.053861708066932,4.184546007907326,0.6912192926923498
-9849.540580693312,-7381.653775896253,1,93,1.3438198692837902,1.390577200256935,1.0347943441244583
-8069.864504103331,-7375.619554117266,1,93,4.591209627332986,3.9071161551086484,0.8509992947933148
1261.2639243561018,-7276.869516990453,0,92,0.19666097245939096,5.438981348529549,0
-7225.074565873514,-7251.479445711308,1,92,6.490213584819376,4.370904621412653,0.6734608290297578
-9554.56625762901,-7254.525484688932,1,92,2.787098108240153,2.6937087761931946,0.9664922695864743
-3575.3553300298636,-7196.577892738123,1,92,9.598301378494947,5.444820830169069,0.5672692089423471
-8481.724160540674,-7210.6901598091,1,92,3.787074138464056,2.539105823642669,0.6704663628984215
-3034.3451592220745,-7257.743160617698,1,93,8.453278521410956,5.740255238978915,0.6790566789488436
-8257.805987794673,-7246.534003433469,1,93,4.812947040964689,4.080541673104446,0.8478260073035331
-9344.661092021346,-7364.466618873144,1,94,3.102447578886765,2.093736207081406,0.6748659417583747
-8612.513401293145,-7386.526120598052,1,94,4.958031295610687,3.750530722333909,0.7564556370699453
-9160.503586955658,-7395.28083769371,1,94,3.347389973617338,2.262746191971633,0.6759732836047212
-9636.219114852986,-7453.91765097648,1,94,2.3581890942033223,2.541114172145824,1.07757014837875
-8848.808085097093,-7453.4769959896985,1,94,4.327480791600277,3.2935339106894306,0.7610741836410326
3026.8277281215696,-7343.208588637976,0,93,1.1657251971824922,5.27711082607104,0
-9913.096008495693,-7363.60219579911,1,93,0.8911714115934742,0.9636527993333359,1.0813327119754212
-6343.008590750553,-7453.737374508644,1,94,6.607453322424249,4.4701036053880845,0.6765244319195616
-8488.873098684175,-7439.216151139763,1,94,5.13769048269707,3.318209941371321,0.6458563341926743
-5040.949590198883,-7393.725286501554,1,94,8.602354123353525,5.520744316289304,0.6417713380691549
-4954.627979393289,-7371.755878887159,1,94,8.715289646097226,5.358417693144257,0.6148295593989579
-7849.427838846831,-7353.059236253734,1,94,5.190177768099966,3.9427787154526284,0.7596615938062582
-9875.39464782506,-7367.7969549091895,1,94,0.5078909766934512,0.6653895659671825,1.3101031451653316
-9783.422188626138,-7401.44285456994,1,94,1.4110321091524791,1.4377664092875801,1.0189466277639554
-9934.677333807458,-7434.667529220207,1,94,0.2986816434421231,0.5457010138469656,1.8270323129272206
-6402.548817072355,-7405.962292743076,1,94,6.726246358738331,4.248771462784662,0.6316705092528935
-8372.008216967246,-7417.69009776663,1,94,5.752539231268567,4.1861588435188235,0.727706265915492
-9602.18366668499,-7415.883535847374,1,94,2.1241976176060193,1.7955282414243396,0.8452736348739099
-6789.008606128182,-7415.6213675472945,1,94,7.045722496625026,4.435592854698031,0.629544075405003
4399.9768306197,-7310.186900881208,0,93,3.7263623016420557,5.337511733948636,0
-9005.697316750238,-7311.696324249853,1,93,3.81075114703823,2.7347839283599016,0.7176495716560801
-5825.19192116341,-7281.406032694332,1,93,8.233242285287682,5.325547172470712,0.6468347447987958
-9258.096963867802,-7407.846861524401,1,94,3.802991878965525,2.85869979890854,0.7516975817697913
-2610.1109561394396,-7337.0515003867795,1,94,7.037280223834917,3.6386919906597104,0.5170594142799149
1055.9639426054632,-7240.484799289497,0,93,0.09781619217740865,2.524063172508618,0
-8992.770433748936,-7282.481311778078,1,93,3.488329463066912,3.4081451290564218,0.9770135433423215
-4917.096345503683,-7233.6530294296,1,93,8.783100957521059,5.280554448882377,0.6012175511156551
-9411.721552223265,-7235.758643837429,1,93,2.4258729825269105,1.9355615265161548,0.797882469716109
-7511.410894344864,-7213.45704796048,1,93,6.187001275001613,3.858807856814033,0.6236959853888226
-9108.139455346314,-7212.083972071585,1,93,4.262702715773162,2.9609383809534053,0.6946152660369973
-8332.871903749781,-7202.710095426736,1,93,5.4227637533096225,3.607685993545587,0.6652854812905584
-8249.318029798722,-7206.377717286613,1,93,5.728891899046115,4.348047860792585,0.7589683899458033
-8775.134408743046,-7222.181431729186,1,93,3.862657324279993,2.8523102517462955,0.7384321238690185
-7239.976324977715,-7202.228606007925,1,93,6.187508004770169,3.813207438549854,0.6162751523893168
-7619.033549584454,-7198.8232455440975,1,93,5.957648508538278,4.188294781656196,0.7030113937829143
-8536.97632979637,-7184.944296592503,1,93,5.06690554048484,3.8966235014609976,0.7690341709208455
-8954.582213153157,-7206.5453255834855,1,93,3.013970379833682,2.3039142406303963,0.764411706248265
-8070.719185996228,-7192.0557011781,1,93,5.452350420244384,3.8733256082368817,0.7103955743298084
-8836.127649225564,-7209.984923631045,1,93,4.228840043431264,4.100207609254435,0.9695820998534489
-8812.873597904214,-7229.801562150034,1,93,4.074820864626623,3.4998028557038947,0.8588850827985006
-5408.454748721018,-7188.633530324952,1,93,8.152873037372956,5.50024569732485,0.6746389490074969
-2865.287385601696,-7139.433195697681,1,93,10.981438706851549,6.3071773919551495,0.5743489136828647
-8430.333795913708,-7124.872110293815,1,93,5.274244219963669,3.9589678978262657,0.7506227874016681
-9962.894006405335,-7140.56660908154,1,93,0.2978884592251734,0.5620461224684221,1.8867670265922334
-6548.521786786054,-7114.052819013987,1,93,7.207087665319611,4.948405173256001,0.686602606080074
-7407.757929836278,-7109.985328458914,1,93,6.90889150464688,5.056181839877604,0.7318369142831156
-8268.931346589292,-7130.74567448304,1,93,5.549944871706626,3.650708004496951,0.6577917598980306
-8497.397184531974,-7153.712395166283,1,93,3.5805132724944513,3.3958445335693637,0.9484239479451968
-2721.552059528176,-7092.636801065531,1,93,10.781656701911011,5.513048248346164,0.5113359106832807
-7909.352684290881,-7083.234043254193,1,93,5.6863200838139685,3.680979137777132,0.6473394187314548
-8856.378360226077,-7083.95383906214,1,93,3.471909520493839,2.651112002214262,0.7635890240126915
-7808.077136708731,-7193.448857589224,1,94,5.041116884739838,4.213266333309743,0.8357803299629664
-5265.250011586158,-7162.617803264663,1,94,9.595766455477392,5.728411770677119,0.5969728210097552
-7352.130068776603,-7161.805606966675,1,94,6.335716303124093,4.08163770424858,0.6442267154916573
-9410.318680078879,-7277.449527562407,1,95,1.7815939546229023,1.909616718206816,1.0718585529838147
-7311.247382158364,-7254.3999093125,1,95,6.074961250479709,3.6476239770731667,0.6004357602750359
-8437.614319799359,-7242.406641841509,1,95,4.795670501178661,3.507531254407094,0.7313953812183358
-7521.761440307153,-7256.265762089652,1,95,5.220828370782546,3.634807976458802,0.6962128839171137
-6941.806178523824,-7248.168905853717,1,95,5.94087027189666,4.204942971149517,0.7077991571438679
1981.9756873094107,-7133.757633479154,0,94,1.3712042945316103,3.8177630632777557,0
-6821.4722200498445,-7211.733527574739,1,95,7.111558637573791,4.325905328435259,0.6082921549123447
-8159.397724777257,-7201.620111929812,1,95,4.78723684340617,4.0963783007912795,0.8556874110863215
-9185.497236459441,-7204.4333466736825,1,95,2.5683882823377346,2.3028665388305396,0.8966193136243721
-7752.583322905526,-7198.888498345751,1,95,5.46796458211119,4.058962006642479,0.7423168064990112
-9902.274535282828,-7221.5516007075,1,95,0.7906976358360718,0.8528665408372456,1.078625383690995
-7763.770200023935,-7227.729879561753,1,95,6.471511082204924,4.434381077289419,0.6852157125223636
-9859.189399491503,-7291.918692878933,1,95,1.0879771974562085,1.0492158381244188,0.9643730039357283
1097.2139381614843,-7200.533257664676,0,94,0.3003484614977981,2.0196402829175497,0
-4937.174686418034,-7154.381339634411,1,94,8.184046837469092,4.7696501333386045,0.5827984893123624
-9458.362689496946,-7155.872354481493,1,94,2.73128895894215,1.748250325065118,0.6400825219687591
-9758.279564328574,-7166.578938982579,1,94,1.5543197313082033,1.2758237809698243,0.820824541612181
-6501.661736124399,-7171.620732538464,1,94,7.660619627022126,4.924752451110202,0.6428660723133406
-9196.537069476088,-7176.114704772505,1,94,4.230472445025015,2.8863331800567362,0.6822720671425315
-9815.10677353605,-7184.1988765654505,1,94,1.5796814573117386,1.1244469404583772,0.7118187880561263
-5824.439713127759,-7146.5465801401415,1,94,5.677830388433793,3.8951314320966612,0.6860246195503417
-5484.474155648635,-7119.392879717913,1,94,7.386212403047093,4.965190088222709,0.6722241139686668
-7596.116578595052,-7102.691388056977,1,94,6.6092657947860936,4.035499077726816,0.6105820529884475
-9201.590578636064,-7098.914994101813,1,94,3.40842037654127,2.128885559391326,0.6245959489162645
-9395.121267678152,-7127.239467045793,1,94,3.2745773990090306,2.2251104245718314,0.6795107134267786
-9158.573940259152,-7126.977681238219,1,94,2.3609108236470533,2.6864426640233283,1.1378840052388783
-8792.668968225531,-7128.858911150291,1,94,4.380913083212217,3.0896847332609276,0.7052604501789106
-8799.879009361182,-7145.422380819342,1,94,3.6256667667113587,2.346711275250154,0.6472495753874055
1433.7447100744532,-7165.90270744851,0,94,0.39651351396430934,6.380340636142122,0
-8338.1344559606,-7171.792899485741,1,94,5.307850307199207,3.4150715843165735,0.6434001312517429
-7291.588611630662,-7148.104892105137,1,94,6.260142537862265,4.293615884383811,0.6858655147890625
-5988.651531169753,-7121.099458903218,1,94,6.91569556240462,4.2901669771201485,0.6203522029573605
-8755.18496984642,-7139.258632039682,1,94,4.353065870676734,2.7578073650957586,0.6335321924882854
-6043.436217238905,-7147.605098621793,1,94,7.392336267818674,5.119284764442509,0.6925124316555346
-8742.737699365154,-7152.396758303165,1,94,3.275695367256721,3.3009946997825805,1.0077233471643143
-9797.946815188148,-7155.854296655481,1,94,0.9427129547765309,0.9969319776888386,1.057513819702584
-8158.3228236364175,-7167.264197652643,1,94,4.430494786798281,4.459650727376738,1.0065807414253898
-5478.703306745913,-7145.4953959149525,1,94,7.6242364748584865,4.819071159039638,0.6320726245743951
-7132.68428783071,-7118.5958286588875,1,94,6.574483313879931,4.519141162943425,0.6873758662376853
-9834.582945597931,-7136.068288475666,1,94,1.3492706138270107,1.2687865921754045,0.940349978109043
-9482.822316445649,-7242.445379968753,1,95,2.658075404991975,1.9863924227531664,0.7473047675858404
-8987.549182692213,-7259.895623699629,1,95,3.0524270586642377,2.058632844993644,0.6744249102203004
-8022.110191546355,-7244.722791362177,1,95,5.452866629128511,3.435632277249725,0.6300598402493507
